price,year_sold,property_tax,insurance,beds,baths,sqft,year_built,lot_size,basement,popular,recession,property_age,property_type_Condo
295850,2013,234,81,1,1,584,2013,0,0,0,1,0,1
216500,2006,169,51,1,1,612,1965,0,1,0,0,41,1
279900,2012,216,74,1,1,615,1963,0,0,0,1,49,1
379900,2005,265,92,1,1,618,2000,33541,0,0,0,5,1
340000,2002,88,30,1,1,634,1992,0,0,0,0,10,1
265000,2004,168,58,1,1,641,1947,0,0,0,0,57,1
240000,2011,176,61,1,1,642,1944,0,0,0,1,67,0
388100,2005,266,92,1,1,650,2000,33541,0,0,0,5,1
240000,2013,188,65,1,1,660,1983,0,0,0,1,30,1
250000,2007,147,51,1,1,664,1965,0,0,0,0,42,1
335000,2015,248,86,1,1,669,2006,0,0,0,0,9,1
376750,2006,262,90,1,1,673,2005,46609,0,0,0,1,1
210000,2006,147,44,1,1,680,1963,0,1,0,0,43,1
289900,2005,195,68,1,1,685,1960,48787,0,0,0,45,1
535000,2014,421,146,1,1,687,2008,0,0,0,0,6,1
218000,2009,188,57,1,1,689,1988,0,1,0,0,21,1
400000,2016,276,96,1,1,689,2008,0,0,0,0,8,1
226000,2008,221,67,1,1,690,1997,0,1,0,0,11,1
363700,2007,302,104,1,1,692,2007,0,0,0,0,0,1
215000,2005,120,42,1,1,698,1963,0,0,0,0,42,1
327000,2010,256,88,1,1,698,2005,9686,0,0,1,5,1
331100,2012,251,87,1,1,700,2005,9686,0,0,1,7,1
240000,2005,139,42,1,1,703,1992,0,1,0,0,13,1
320000,2007,261,79,1,1,704,2005,0,1,0,0,2,1
290800,2006,257,78,1,1,704,2006,0,1,0,0,0,1
375000,2005,244,85,1,1,705,1985,0,0,0,0,20,1
377000,2008,316,109,1,1,709,2005,111513,0,0,0,3,1
262500,2014,201,69,1,1,711,1944,0,0,0,0,70,1
216250,2004,187,64,1,1,712,1944,0,0,0,0,60,0
270000,2005,218,66,1,1,722,1985,0,1,0,0,20,1
235000,2009,278,85,1,1,723,2005,0,1,0,0,4,1
225000,2009,118,41,1,1,724,1958,0,0,0,0,51,1
370000,2011,306,106,1,1,725,2006,0,0,0,1,5,1
232000,2008,243,74,1,1,736,1998,0,1,0,0,10,1
281900,2005,229,69,1,1,737,2000,0,1,0,0,5,1
355000,2006,298,103,1,1,740,2000,0,0,0,0,6,1
350000,2009,291,101,1,1,741,2006,0,0,0,0,3,1
231900,2005,118,41,1,1,750,1964,0,0,0,0,41,1
284000,2012,258,78,1,1,755,1996,0,1,0,1,16,1
255000,2012,190,66,1,1,759,1959,0,0,0,1,53,1
285850,2006,266,81,1,1,759,2006,0,1,0,0,0,1
249298,2012,251,76,1,1,759,2012,0,1,0,1,0,1
380000,2011,291,101,1,1,760,1991,0,0,0,1,20,1
244800,2011,190,66,1,1,767,1944,0,0,0,1,67,1
397400,2005,345,119,1,1,771,2005,111513,0,0,0,0,1
345000,2007,284,98,1,1,781,2006,0,0,0,0,1,1
220000,2009,221,67,1,1,792,1987,0,1,0,0,22,1
279000,2014,286,87,1,1,796,1986,0,1,0,0,28,1
286900,2006,184,56,1,1,797,2005,0,1,0,0,1,1
220000,2015,184,56,1,1,800,1985,0,1,0,0,30,1
305000,2005,150,49,1,1,805,1941,0,0,0,0,64,1
409575,2006,302,104,1,1,805,2005,46609,0,0,0,1,1
300367,2007,261,79,1,1,805,2007,0,1,0,0,0,1
230000,2007,172,60,1,1,809,1965,0,0,0,0,42,1
270000,2005,190,58,1,1,810,1975,0,1,0,0,30,1
210000,2011,143,49,1,1,811,1969,0,0,0,1,42,1
366700,2006,274,83,1,1,817,2004,0,1,0,0,2,1
238600,2013,185,61,1,1,834,1992,0,0,0,1,21,1
284900,2008,249,76,1,1,838,2007,0,1,0,0,1,1
253000,2005,146,48,1,1,850,1974,0,0,0,0,31,1
305000,2006,200,61,1,1,850,1984,0,1,0,0,22,1
280000,2005,180,55,1,1,850,1986,0,1,0,0,19,1
411000,2007,298,103,1,1,855,2006,0,0,0,0,1,1
270900,2005,167,58,1,1,856,2005,0,0,0,0,0,1
406250,2006,316,109,1,1,859,2000,0,0,0,0,6,1
365000,2015,277,96,1,1,866,1989,0,0,0,0,26,1
440000,2009,367,127,1,1,879,2008,0,0,0,0,1,1
250000,2005,125,43,1,1,880,1965,0,0,0,0,40,0
350100,2006,294,89,1,1,900,1947,18730,1,0,0,59,0
250000,2011,198,68,1,1,900,1965,0,0,0,1,46,1
305000,2005,258,78,1,1,902,1978,0,1,0,0,27,1
200000,2007,180,54,1,1,914,1982,0,1,0,0,25,1
371500,2013,319,97,1,1,917,2007,0,1,0,1,6,1
270000,2005,168,51,1,1,920,1978,0,1,0,0,27,1
318000,2008,230,79,1,1,926,1973,0,0,0,0,35,1
408400,2005,310,94,1,1,933,2005,0,1,0,0,0,0
325000,2005,180,54,1,1,934,1993,0,1,0,0,12,1
239000,2007,184,56,1,1,945,1984,0,1,0,0,23,1
367500,2006,345,119,1,1,950,1986,0,0,0,0,20,1
378000,2013,280,97,1,1,961,2006,0,0,0,1,7,1
269000,2006,241,73,1,1,966,1996,0,1,0,0,10,1
245000,2007,163,49,1,1,999,1979,0,1,0,0,28,1
225000,2014,184,56,1,1,1005,1982,0,1,0,0,32,1
302000,2011,284,86,1,1,1014,1985,0,1,0,1,26,1
387900,2005,310,94,1,1,1050,2005,0,1,0,0,0,1
560000,2007,489,169,1,1,1092,1984,0,0,0,0,23,1
750000,2012,666,231,1,1,1322,2009,0,0,0,1,3,1
299700,2012,321,93,1,2,814,2008,96703,0,0,1,4,1
779900,2014,612,212,1,2,1207,2012,0,0,0,0,2,1
379000,2007,258,89,1,2,1489,1940,0,0,0,0,67,1
225000,2006,192,58,2,1,768,1950,0,1,0,0,56,1
230000,2004,196,59,2,1,793,1950,0,1,0,0,54,1
328000,2005,219,76,2,1,800,1950,0,0,0,0,55,1
407800,2005,309,107,2,1,803,2000,33541,0,0,0,5,1
470630,2006,313,108,2,1,814,2005,9686,0,0,0,1,1
270000,2015,340,103,2,1,816,1949,3846,1,0,0,66,0
359500,2009,282,93,2,1,835,1954,0,0,0,0,55,1
355000,2012,265,92,2,1,836,1994,0,0,0,1,18,1
283000,2006,182,63,2,1,845,1942,0,0,0,0,64,1
378000,2015,319,106,2,1,864,1942,1296,1,0,0,73,1
255000,2007,242,62,2,1,870,1984,1306,0,0,0,23,1
306000,2012,228,79,2,1,875,1950,0,0,0,1,62,1
369900,2006,294,89,2,1,891,2004,0,1,0,0,2,1
326000,2011,303,92,2,1,893,2003,0,1,0,1,8,1
350000,2005,240,79,2,1,900,1941,0,0,0,0,64,1
350000,2005,240,79,2,1,900,1941,0,0,0,0,64,0
396875,2005,250,87,2,1,912,1960,48787,0,0,0,45,1
374900,2005,266,92,2,1,912,1983,0,0,0,0,22,1
232150,2003,240,80,2,1,920,1941,0,0,0,0,62,1
327000,2008,235,81,2,1,924,1961,0,0,0,0,47,1
455900,2013,345,119,2,1,928,2013,0,0,0,1,0,1
290000,2006,244,84,2,1,930,1983,0,0,0,0,23,1
301000,2005,204,62,2,1,930,1986,1135,1,0,0,19,1
275000,2004,233,71,2,1,930,1988,1059,1,0,0,16,1
531000,2011,414,143,2,1,931,2006,0,0,0,1,5,1
405000,2012,457,139,2,1,945,1955,14374,1,0,1,57,0
336000,2014,276,91,2,1,950,1941,0,0,0,0,73,1
214000,2010,202,61,2,1,952,1964,0,1,0,1,46,1
327500,2010,234,77,2,1,958,1941,0,0,0,1,69,1
251489,2010,176,49,2,1,959,1930,4918,0,0,1,80,0
238900,2013,195,59,2,1,960,1963,0,1,0,1,50,1
297000,2007,262,91,2,1,960,1964,0,1,0,0,43,1
235000,2014,204,62,2,1,960,1985,800,1,0,0,29,0
210000,2012,216,66,2,1,960,1989,1820,1,0,1,23,1
215000,2010,147,51,2,1,966,1958,0,0,0,1,52,1
285000,2013,258,78,2,1,966,1994,0,1,0,1,19,1
239900,2006,200,61,2,1,976,1971,1120,1,0,0,35,1
375500,2013,298,103,2,1,983,1984,0,0,0,1,29,1
415000,2006,336,116,2,1,993,1984,0,0,0,0,22,0
230581,2007,164,42,2,1,996,1987,0,0,0,0,20,1
400000,2006,254,77,2,1,1008,1987,1995,1,0,0,19,1
420000,2005,295,98,2,1,1010,1954,0,0,0,0,51,1
292000,2005,149,51,2,1,1011,1958,0,0,0,0,47,1
200000,2003,353,117,2,1,1015,1930,1615,1,0,0,73,0
226000,2010,201,69,2,1,1021,1961,0,0,0,1,49,1
220000,2011,228,75,2,1,1024,2010,0,0,0,1,1,1
280000,2009,208,72,2,1,1032,1958,0,0,0,0,51,0
299900,2006,154,47,2,1,1032,1964,0,1,0,0,42,1
204000,2015,201,69,2,1,1044,1961,0,0,0,0,54,1
350000,2007,267,92,2,1,1062,1983,0,0,0,0,24,1
228000,2014,184,56,2,1,1070,1972,0,1,0,0,42,0
300000,2005,179,54,2,1,1073,1972,0,1,0,0,33,1
280000,2014,190,66,2,1,1083,1965,0,0,0,0,49,1
305500,2008,303,105,2,1,1100,1960,0,0,0,0,48,1
348500,2009,252,87,2,1,1103,1944,0,0,0,0,65,1
210000,2001,220,67,2,1,1177,1975,0,1,0,0,26,1
250000,2006,143,49,2,1,1179,1964,0,0,0,0,42,1
229000,2002,198,56,2,1,1185,1953,15681,1,0,0,49,0
300000,2009,255,84,2,1,1188,1954,3001,1,0,0,55,0
220000,2014,188,57,2,1,1194,1979,0,1,0,0,35,1
275000,2013,231,70,2,1,1197,1972,1306,1,0,1,41,1
312000,2012,295,89,2,1,1200,1950,0,1,0,1,62,1
265000,2013,261,67,2,1,1240,1987,3484,1,0,1,26,1
265000,2013,261,67,2,1,1240,1987,3484,1,0,1,26,0
231525,2012,225,68,2,1,1242,1984,0,1,0,1,28,1
239900,2007,217,66,2,1,1250,1983,0,1,0,0,24,1
305000,2005,233,71,2,1,1288,1980,0,1,0,0,25,1
337600,2005,259,86,2,1,1296,1954,3001,1,0,0,51,0
248000,1994,475,158,2,1,1344,1880,1102,0,0,0,114,0
336900,2007,217,66,2,1,1346,1986,0,1,0,0,21,1
225000,2000,515,171,2,1,1350,1954,1245,0,0,0,46,1
585000,2013,446,155,2,1,1360,1983,0,0,0,1,30,1
205000,2012,242,68,2,1,1526,2004,2478,1,0,1,8,0
330000,2009,372,123,2,2,832,1943,1136,1,1,0,66,1
250000,2008,375,124,2,2,864,1942,1633,1,1,0,66,1
200000,2012,378,131,2,2,877,2000,0,0,1,1,12,1
286499,2005,195,59,2,2,886,1981,0,1,1,0,24,1
237500,2014,198,60,2,2,886,1982,0,1,1,0,32,1
261000,2009,307,93,2,2,896,1951,3598,1,1,0,58,1
277000,2009,269,82,2,2,899,2000,0,1,1,0,9,1
425000,2008,468,162,2,2,910,1950,6023,1,1,0,58,0
385000,2006,265,92,2,2,915,2005,183387,0,1,0,1,1
275000,2008,286,87,2,2,930,1983,1625,1,1,0,25,1
275000,2005,184,56,2,2,933,1990,0,1,1,0,15,1
201953,2016,150,38,2,2,940,1986,0,1,1,0,30,1
307500,2005,155,47,2,2,940,1988,0,1,1,0,17,1
551400,2007,445,154,2,2,949,2007,0,0,1,0,0,1
435000,2010,371,128,2,2,950,2005,46609,0,1,1,5,1
230000,2012,209,63,2,2,951,1988,0,1,1,1,24,1
367000,2003,331,115,2,2,951,1994,0,0,1,0,9,1
509500,2004,381,132,2,2,954,2000,0,0,1,0,4,1
275000,2003,229,69,2,2,959,2002,0,1,1,0,1,1
279537,2002,278,85,2,2,969,1988,0,1,1,0,14,0
499900,2005,360,124,2,2,970,2000,33541,0,1,0,5,1
315000,2013,295,90,2,2,980,1990,1206,1,1,1,23,0
299900,2012,274,83,2,2,980,1991,1104,1,1,1,21,1
320000,2014,278,85,2,2,984,1947,3598,1,1,0,67,1
279000,2005,180,54,2,2,986,1971,0,1,1,0,34,1
386500,2011,316,109,2,2,992,1944,0,1,1,1,67,1
270000,2005,204,62,2,2,998,1989,0,1,1,0,16,1
440000,2011,347,120,2,2,1000,1940,0,0,1,1,71,0
475000,2004,378,131,2,2,1000,1989,0,0,1,0,15,1
278000,2008,282,86,2,2,1002,2006,0,1,1,0,2,1
443000,2013,378,131,2,2,1005,1989,0,0,1,1,24,1
290000,2013,245,74,2,2,1012,1995,0,1,1,1,18,1
458900,2005,376,114,2,2,1025,2005,0,1,1,0,0,1
615000,2015,453,157,2,2,1027,2008,0,0,1,0,7,1
225000,2008,184,56,2,2,1038,1991,0,1,1,0,17,1
525000,2005,462,153,2,2,1040,1920,1341,0,1,0,85,0
315000,2006,196,59,2,2,1040,1990,0,1,1,0,16,1
490000,2013,367,127,2,2,1041,2007,0,0,1,1,6,0
243000,2007,172,59,2,2,1044,1964,0,0,1,0,43,1
250000,2007,204,62,2,2,1044,1986,0,1,1,0,21,1
289500,2012,253,77,2,2,1045,1996,0,1,1,1,16,1
249950,1996,158,55,2,2,1048,1992,0,0,1,0,4,1
250000,2014,245,74,2,2,1050,1996,0,1,1,0,18,1
345000,2005,245,74,2,2,1053,1993,0,1,1,0,12,1
351500,2010,284,98,2,2,1056,2003,0,0,1,1,7,1
478089,2005,303,92,2,2,1069,1987,0,1,1,0,18,1
349181,2005,204,62,2,2,1070,1988,0,1,1,0,17,1
300000,2008,301,92,2,2,1074,1987,0,1,1,0,21,1
218000,2013,191,58,2,2,1075,1986,0,1,1,1,27,1
416900,2006,373,113,2,2,1075,2005,0,1,1,0,1,1
335000,2007,277,84,2,2,1077,1980,0,1,1,0,27,1
225000,2011,241,73,2,2,1080,1985,1951,1,1,1,26,1
316500,2010,282,86,2,2,1082,1993,0,1,1,1,17,1
535150,2007,432,149,2,2,1084,2007,0,0,1,0,0,1
405000,2014,298,103,2,2,1086,2003,0,0,1,0,11,1
620000,2007,525,182,2,2,1088,2006,0,0,1,0,1,1
545000,2006,432,150,2,2,1095,1986,0,0,1,0,20,1
342500,2006,263,80,2,2,1098,1988,1314,1,1,0,18,1
209000,2012,188,57,2,2,1100,1995,0,1,1,1,17,1
243000,2007,204,62,2,2,1100,1997,0,1,1,0,10,1
254000,2012,245,74,2,2,1102,1986,1307,1,1,1,26,1
240000,2009,239,73,2,2,1104,2003,0,1,1,0,6,1
265000,2012,258,78,2,2,1107,1990,0,1,1,1,22,1
240000,2002,327,99,2,2,1108,1985,0,1,1,0,17,1
250000,2010,228,69,2,2,1112,1974,0,1,1,1,36,1
534625,2006,666,231,2,2,1112,2006,0,1,1,0,0,1
313500,2006,204,62,2,2,1120,1997,0,1,1,0,9,1
469900,2015,352,122,2,2,1123,2007,0,0,1,0,8,0
610000,2013,457,158,2,2,1128,2006,0,0,1,1,7,1
285000,2014,254,77,2,2,1130,1990,0,1,1,0,24,1
296000,2013,258,78,2,2,1130,1992,0,1,1,1,21,1
293815,2010,245,75,2,2,1130,1993,0,1,1,1,17,1
290000,2015,335,102,2,2,1132,1978,0,1,1,0,37,1
278000,2010,274,83,2,2,1134,1983,1511,1,1,1,27,1
380000,2011,266,92,2,2,1135,2006,0,0,1,1,5,1
367500,2012,288,100,2,2,1135,2006,0,0,1,1,6,0
325000,2008,327,99,2,2,1139,1985,0,1,1,0,23,1
280000,2003,327,99,2,2,1141,1975,0,1,1,0,28,1
289900,2006,245,74,2,2,1145,2005,0,1,1,0,1,1
290000,2003,265,81,2,2,1148,1998,0,1,1,0,5,1
306755,2003,319,97,2,2,1149,1997,0,1,1,0,6,1
295000,2004,241,73,2,2,1150,1974,0,1,1,0,30,1
338000,2008,230,79,2,2,1150,2005,0,0,1,0,3,1
305000,2013,268,81,2,2,1152,1995,0,1,1,1,18,1
342900,2006,234,81,2,2,1152,2005,0,0,1,0,1,1
410000,2006,352,122,2,2,1153,1994,0,0,1,0,12,1
377400,2013,307,93,2,2,1155,2012,0,1,1,1,1,1
394000,2013,375,114,2,2,1158,2007,0,1,1,1,6,1
370000,2012,368,112,2,2,1161,2005,0,1,1,1,7,1
326979,2011,223,77,2,2,1163,2005,0,0,1,1,6,1
285000,2005,200,61,2,2,1166,1965,0,1,1,0,40,1
245000,2009,213,64,2,2,1170,1984,0,1,1,0,25,1
315000,2004,237,72,2,2,1170,1997,0,1,1,0,7,0
255000,2010,249,76,2,2,1170,1998,0,1,1,1,12,1
221500,2000,481,159,2,2,1178,1986,0,0,1,0,14,1
275250,2003,270,82,2,2,1181,2003,0,1,1,0,0,1
335000,2006,233,71,2,2,1184,1989,1167,1,1,0,17,1
535000,2012,453,157,2,2,1184,2006,0,0,1,1,6,1
209480,2001,302,92,2,2,1188,2001,0,1,1,0,0,1
230000,2015,252,64,2,2,1193,2007,0,0,1,0,8,1
245000,2012,254,77,2,2,1195,1982,0,1,1,1,30,1
254900,2004,290,74,2,2,1195,2001,0,1,1,0,3,1
400000,2010,453,157,2,2,1200,1938,5000,1,1,1,72,0
550000,2013,503,167,2,2,1200,1940,2744,1,1,1,73,0
399500,2012,322,107,2,2,1200,1954,0,1,1,1,58,1
242000,2010,258,78,2,2,1200,1985,1420,1,1,1,25,1
236511,2004,276,71,2,2,1200,2001,0,1,1,0,3,1
385000,2011,407,118,2,2,1201,2008,96703,0,1,1,3,1
229500,2002,288,99,2,2,1202,1965,0,0,1,0,37,1
387000,2012,379,115,2,2,1204,1995,0,1,1,1,17,1
295000,2005,218,66,2,2,1205,1987,0,1,1,0,18,1
460000,2010,356,123,2,2,1205,2005,9686,0,1,1,5,1
450000,2006,388,134,2,2,1206,1985,0,0,1,0,21,1
346631,2005,409,125,2,2,1215,2003,0,1,1,0,2,1
380000,2011,441,134,2,2,1217,2005,0,1,1,1,6,1
279000,2003,327,99,2,2,1218,2001,0,1,1,0,2,1
250000,2004,192,58,2,2,1220,1994,0,1,1,0,10,1
203255,1999,368,112,2,2,1224,1999,1192,1,1,0,0,1
295990,2004,254,77,2,2,1230,1997,0,1,1,0,7,1
526275,2008,445,154,2,2,1242,2006,0,0,1,0,2,1
295000,2011,348,106,2,2,1242,2007,0,1,1,1,4,0
230000,2011,201,61,2,2,1244,1998,0,1,1,1,13,1
617000,2010,540,187,2,2,1248,2008,0,0,1,1,2,1
485000,2007,439,152,2,2,1252,2006,0,0,1,0,1,1
295000,2005,193,54,2,2,1253,1992,0,0,1,0,13,1
345000,2006,245,74,2,2,1254,1998,0,1,1,0,8,1
257000,2011,270,82,2,2,1256,1988,0,1,1,1,23,1
299000,2012,262,80,2,2,1263,1997,0,1,1,1,15,1
320000,2010,269,82,2,2,1270,1996,0,1,1,1,14,1
319990,2011,299,91,2,2,1288,1991,0,1,1,1,20,1
278000,2004,262,79,2,2,1293,1984,0,1,1,0,20,1
381000,2005,236,82,2,2,1294,1995,0,0,1,0,10,1
442000,2011,409,142,2,2,1305,1987,0,0,1,1,24,1
653000,2012,540,187,2,2,1305,2005,0,0,1,1,7,1
550000,2004,479,159,2,2,1309,1980,759,0,1,0,24,0
225000,2012,261,79,2,2,1316,1973,0,1,1,1,39,1
525000,2006,414,143,2,2,1320,1974,0,0,1,0,32,1
289000,2014,270,82,2,2,1343,1982,0,1,1,0,32,1
371000,2009,368,112,2,2,1346,2004,0,1,1,0,5,1
250000,2012,245,69,2,2,1348,2004,0,0,1,1,8,1
330000,2013,274,83,2,2,1350,1993,2326,1,1,1,20,1
318500,2006,242,68,2,2,1356,1999,0,1,1,0,7,1
267000,2010,237,72,2,2,1360,1967,0,1,1,1,43,1
250000,2011,268,82,2,2,1360,1983,1500,1,1,1,28,1
578324,2006,460,159,2,2,1376,2006,0,0,1,0,0,1
385000,2012,311,108,2,2,1383,1944,0,1,1,1,68,1
210835,1995,347,120,2,2,1388,1994,0,0,1,0,1,1
274500,2012,242,73,2,2,1389,1979,0,1,1,1,33,1
254900,2009,220,67,2,2,1392,1986,0,1,1,0,23,1
275000,2010,450,149,2,2,1400,1944,2945,1,1,1,66,0
290000,2004,233,71,2,2,1413,1980,0,1,1,0,24,1
505000,2003,504,174,2,2,1420,1987,0,0,1,0,16,1
299000,2013,270,82,2,2,1439,1982,0,1,1,1,31,1
271000,2012,245,75,2,2,1470,1986,0,1,1,1,26,0
490000,2009,464,154,2,2,1471,1997,0,0,1,0,12,1
325000,2013,289,88,2,2,1474,1987,2278,1,1,1,26,1
412000,2012,389,118,2,2,1476,2000,1335,1,1,1,12,1
329900,2004,299,85,2,2,1477,2001,3049,1,1,0,3,0
281975,2007,240,47,2,2,1480,2007,0,0,1,0,0,1
215000,2012,233,71,2,2,1496,1971,2387,1,1,1,41,1
589000,2005,380,132,2,2,1516,1981,0,0,1,0,24,1
405490,2007,315,96,2,2,1522,1998,0,1,1,0,9,1
475000,2005,360,124,2,2,1526,1982,0,0,1,0,23,1
375000,2003,360,124,2,2,1530,1976,0,0,1,0,27,1
455000,2006,374,114,2,2,1530,2000,0,1,1,0,6,1
429900,2014,370,128,2,2,1623,1981,0,1,1,0,33,1
465000,2013,389,118,2,2,1638,1995,1875,1,1,1,18,1
471850,2005,319,97,2,2,1640,1998,0,1,1,0,7,1
337980,2001,578,176,2,2,1641,2001,0,1,1,0,0,1
625000,2005,525,174,2,2,1649,1938,6390,0,1,0,67,0
462604,2005,249,70,2,2,1684,2005,0,0,1,0,0,1
395000,2005,401,122,2,2,1750,1996,2217,1,1,0,9,1
575000,2012,632,184,2,2,1825,2006,0,1,1,1,6,1
289000,2012,308,87,2,2,1870,2002,5601,1,1,1,10,0
740000,2009,720,249,2,2,2100,1981,0,0,1,0,28,1
540000,2011,477,158,2,2,2310,1955,3062,1,1,1,56,0
225000,1999,442,135,2,2,2512,1995,2783,1,1,0,4,1
601987,2005,513,132,2,2,2690,2005,3920,0,1,0,0,1
250000,2013,286,73,2,3,1160,1995,1742,1,0,1,18,1
330000,2007,270,82,2,3,1200,1986,1350,1,0,0,21,1
302000,2013,282,86,2,3,1260,1987,2280,1,0,1,26,1
557000,2008,442,153,2,3,1296,1992,0,1,0,0,16,1
408000,2006,274,83,2,3,1314,1987,1440,1,0,0,19,1
495000,2009,500,166,2,3,1600,1920,1165,1,0,0,89,0
416000,2006,340,103,2,3,1667,1988,0,1,0,0,18,1
538000,2014,465,154,2,3,1820,1986,784,1,0,0,28,1
335000,1995,714,237,2,3,1853,1977,1000,1,0,0,18,1
395000,2005,393,119,2,3,1925,1996,2219,1,0,0,9,1
299940,2008,229,65,2,3,1942,2008,0,1,0,0,0,1
300000,2009,348,106,2,3,2067,1986,1260,1,0,0,23,1
399500,2010,322,107,2,3,2180,1975,0,1,0,1,35,1
300000,2016,327,99,2,4,1377,1987,1200,1,0,0,29,1
370000,2015,343,104,3,1,874,1921,11325,1,0,0,94,0
200000,2015,286,87,3,1,876,1950,9047,1,0,0,65,0
455000,2005,392,119,3,1,884,1952,10001,1,0,0,53,0
285000,2009,223,68,3,1,943,1950,0,1,0,0,59,1
433150,2005,286,87,3,1,948,1951,7254,1,0,0,54,0
225000,2015,329,65,3,1,1008,1956,7274,0,0,0,59,0
297000,2012,278,92,3,1,1024,1950,1245,0,0,1,62,1
204000,2008,247,63,3,1,1102,1984,0,1,0,0,24,1
209400,2011,258,78,3,1,1120,1975,3994,1,0,1,36,0
306000,2006,225,68,3,1,1140,1984,1306,1,0,0,22,1
375000,2015,340,103,3,1,1204,1956,11325,1,0,0,59,0
397555,2005,307,93,3,1,1210,1977,1398,1,0,0,28,1
325000,2011,336,102,3,1,1211,1954,16117,1,0,1,57,0
375000,2006,307,93,3,1,1220,1981,1260,1,0,0,25,1
523000,2016,225,68,3,1,1220,1987,2325,1,0,0,29,1
274500,2010,303,92,3,1,1224,1947,3600,1,0,1,63,1
368000,2015,395,120,3,1,1260,1951,10267,1,0,0,64,0
330000,2005,238,72,3,1,1280,1970,1420,1,0,0,35,1
300000,2010,274,83,3,1,1280,1984,1375,1,0,1,26,1
275000,2005,167,47,3,1,1280,1984,1598,0,0,0,21,1
340000,2005,274,83,3,1,1280,1985,1398,1,0,0,20,1
497650,2004,540,187,3,1,1286,1947,8276,0,0,0,57,0
490000,2016,548,167,3,1,1301,1950,51400,1,0,0,66,0
295000,2005,179,54,3,1,1302,1972,0,1,0,0,33,1
650000,2012,511,177,3,1,1309,1952,7540,1,0,1,60,0
580000,2010,526,174,3,1,1323,1920,3674,1,0,1,90,0
330000,2013,291,88,3,1,1368,1994,1340,1,0,1,19,0
299990,2007,241,73,3,1,1382,1985,1995,1,0,0,22,1
389900,2013,348,106,3,1,1404,1956,11761,1,0,1,57,0
430000,2004,404,123,3,1,1506,1981,1746,1,0,0,23,1
482413,2005,377,114,3,1,1520,1995,1400,1,0,0,10,0
325000,2005,299,84,3,1,1568,1954,14810,0,0,0,51,0
500000,2007,372,123,3,1,1618,1958,12196,1,0,0,49,0
656500,2007,522,181,3,1,1846,1954,6255,1,0,0,53,0
296000,2000,430,131,3,1,1860,1995,1977,1,0,0,5,0
399000,2014,351,107,3,1,1928,1954,12632,1,0,0,60,0
200000,1995,771,224,3,1,2175,1940,9500,1,0,0,55,0
225870,1995,471,143,3,1,2622,1995,3010,1,0,0,0,1
359000,2012,352,107,3,2,816,1948,3600,1,0,1,64,0
349900,2007,368,112,3,2,816,1949,3484,1,0,0,58,1
255000,2009,327,99,3,2,879,1950,9999,1,0,0,59,0
255000,2012,360,109,3,2,884,1964,3140,1,0,1,48,0
232500,2007,233,66,3,2,890,1954,25264,1,0,0,53,0
405000,2014,309,107,3,2,922,1944,0,1,0,0,70,1
429900,2005,344,104,3,2,966,1980,5647,1,0,0,25,0
249600,2005,184,52,3,2,969,1988,1281,1,0,0,17,1
299000,2011,336,102,3,2,972,1964,21780,1,0,1,47,0
246700,2012,245,74,3,2,997,1984,1119,1,0,1,28,1
360000,2012,351,107,3,2,1009,1959,8925,1,0,1,53,0
349900,2007,278,85,3,2,1036,1954,3598,1,0,0,53,1
280000,2005,211,59,3,2,1040,2013,14810,1,0,0,-8,0
350000,2014,308,94,3,2,1060,1983,1341,1,0,0,31,1
339500,2006,180,55,3,2,1064,1988,0,1,0,0,18,1
320000,2005,274,83,3,2,1084,1967,0,1,0,0,38,1
299000,2010,344,105,3,2,1092,1958,10545,1,0,1,52,0
305000,2008,319,97,3,2,1092,1958,10724,1,0,0,50,0
325900,2012,286,87,3,2,1100,1984,915,1,0,1,28,1
310000,2004,406,134,3,2,1102,1956,2016,1,0,0,48,1
358000,2013,323,98,3,2,1104,1990,1050,1,0,1,23,1
200750,2008,249,76,3,2,1131,1977,0,1,0,0,31,1
257600,2004,258,78,3,2,1144,1973,1502,1,0,0,31,1
280000,2013,310,80,3,2,1152,1963,8712,0,0,1,50,0
258000,2011,295,89,3,2,1178,1979,1398,1,0,1,32,1
415000,2014,368,112,3,2,1200,1949,5227,1,0,0,65,0
339000,2009,359,109,3,2,1200,1953,8745,1,0,0,56,0
249000,2001,368,112,3,2,1200,1953,9069,1,0,0,48,0
500000,2005,353,107,3,2,1208,1972,11761,1,0,0,33,0
345000,2012,397,121,3,2,1211,1954,10781,1,0,1,58,0
280000,2003,347,89,3,2,1214,2001,2178,1,0,0,2,1
285000,2008,278,84,3,2,1220,1982,2448,1,0,0,26,1
439900,2006,359,109,3,2,1220,1983,2178,1,0,0,23,1
428000,2014,364,111,3,2,1220,1984,1519,1,0,0,30,1
417000,2014,368,112,3,2,1220,1984,1520,1,0,0,30,1
410000,2006,327,99,3,2,1220,1985,1981,1,0,0,21,1
525000,2005,430,131,3,2,1224,1942,7000,1,0,0,63,0
392000,2013,341,118,3,2,1225,1954,16117,1,0,1,59,0
252500,2004,209,59,3,2,1228,1987,2012,1,0,0,17,1
375000,2005,254,77,3,2,1232,1973,2639,1,0,0,32,1
375000,2006,315,96,3,2,1232,1980,1540,1,0,0,26,1
378000,2009,335,102,3,2,1240,1982,1306,1,0,0,27,1
485000,2012,457,139,3,2,1254,1951,10737,1,0,1,61,0
445900,2009,349,121,3,2,1258,2003,0,0,0,0,6,1
335000,2009,376,114,3,2,1260,1948,3598,1,0,0,61,1
271000,2013,303,86,3,2,1260,1962,27007,1,0,1,51,0
399900,2010,409,124,3,2,1267,1954,10519,1,0,1,56,0
275000,2010,340,103,3,2,1276,1955,11761,1,0,1,55,0
333000,2008,311,94,3,2,1280,1979,1999,1,0,0,29,1
324000,2011,302,92,3,2,1280,1985,1441,1,0,1,26,1
440000,2013,399,121,3,2,1285,1963,11761,1,0,1,50,0
575000,2016,528,161,3,2,1287,1945,14374,1,0,0,71,0
275000,2009,269,82,3,2,1296,1963,15681,1,0,0,46,0
425000,2014,381,116,3,2,1304,1978,8616,1,0,0,36,0
295000,2005,245,74,3,2,1304,1980,1446,1,0,0,25,1
319900,2004,295,90,3,2,1320,1971,1400,1,0,0,33,1
340000,2012,295,89,3,2,1320,1972,1400,1,0,1,40,1
258000,2005,174,42,3,2,1320,1983,1650,1,0,0,22,1
370000,2005,242,68,3,2,1320,1996,1599,1,0,0,9,1
700000,2005,548,167,3,2,1325,1939,7000,1,0,0,66,0
200000,2010,211,64,3,2,1330,1972,0,1,0,1,38,1
242990,2010,232,65,3,2,1330,2010,0,1,0,1,0,1
320000,2015,344,104,3,2,1331,1969,19166,1,0,0,46,0
319950,2007,324,83,3,2,1332,1995,2178,1,0,0,12,1
250000,2011,258,78,3,2,1332,2003,0,1,0,1,8,0
235000,2014,237,61,3,2,1334,1978,0,1,0,0,36,1
211500,2012,184,56,3,2,1338,1967,0,1,0,1,45,1
350000,2005,389,118,3,2,1340,1965,10497,1,0,0,40,0
209900,2014,202,57,3,2,1342,1970,2748,0,0,0,44,1
390000,2013,344,105,3,2,1342,1985,1540,1,0,1,28,1
416000,2006,332,81,3,2,1344,1984,12632,1,0,0,22,0
245000,2010,251,71,3,2,1348,1987,1599,1,0,1,23,1
236000,2008,286,81,3,2,1348,2006,1629,1,0,0,2,1
238500,2011,327,99,3,2,1350,1978,2757,1,0,1,33,0
440000,2011,409,124,3,2,1352,1974,22215,1,0,1,37,0
250000,2011,278,85,3,2,1360,1983,1498,1,0,1,28,1
239900,2011,250,70,3,2,1360,1995,1559,1,0,1,16,1
325000,2007,245,75,3,2,1362,1963,0,1,0,0,44,1
309900,2011,378,97,3,2,1368,2003,1742,1,0,1,8,1
293000,2014,255,78,3,2,1370,1984,2308,1,0,0,30,1
459000,2005,359,109,3,2,1370,1992,1778,1,0,0,13,1
297000,2009,311,94,3,2,1374,1994,1528,1,0,0,15,1
249000,2001,359,109,3,2,1375,1994,1499,1,0,0,7,1
455900,2013,352,107,3,2,1380,1990,1660,1,0,1,23,0
375490,2004,278,84,3,2,1380,1997,0,1,0,0,7,1
375000,2013,388,134,3,2,1400,1938,7013,0,0,1,75,0
271000,2005,192,58,3,2,1400,1972,0,1,0,0,33,1
350000,2010,327,100,3,2,1400,1972,1400,1,0,1,38,1
368253,2005,310,79,3,2,1400,2005,0,1,0,0,0,1
399000,2009,434,132,3,2,1404,1951,10001,1,0,0,58,0
290000,2010,377,115,3,2,1404,1959,9003,1,0,1,51,0
331000,2006,193,55,3,2,1408,1967,1542,1,0,0,39,1
300000,2008,356,91,3,2,1408,2000,1742,1,0,0,8,1
462330,2013,458,139,3,2,1418,2013,0,1,0,1,0,1
317500,2003,336,102,3,2,1421,1985,0,1,0,0,18,1
209900,2015,286,81,3,2,1440,1963,12632,1,0,0,52,0
299900,2008,295,90,3,2,1440,1988,1444,1,0,0,20,1
347644,2016,318,97,3,2,1442,1974,1743,1,0,0,42,0
279900,2012,358,92,3,2,1444,1971,9147,0,0,1,41,0
385000,2011,277,96,3,2,1446,1965,0,0,0,1,46,1
330000,2007,244,74,3,2,1452,1968,0,1,0,0,39,1
360000,2007,299,91,3,2,1452,1974,1760,1,0,0,33,0
455000,2015,389,118,3,2,1452,1981,1540,1,0,0,34,1
324000,2015,325,99,3,2,1452,1992,2535,1,0,0,23,1
350000,2004,349,89,3,2,1452,1994,1742,1,0,0,10,1
400000,2005,348,106,3,2,1456,1984,1500,1,0,0,21,1
262000,2012,308,87,3,2,1459,1975,52707,0,0,1,37,0
475000,2009,467,142,3,2,1468,1948,10175,1,0,0,61,0
420000,2014,504,153,3,2,1475,1954,9334,1,0,0,60,0
467000,2011,450,137,3,2,1483,2004,0,1,0,1,7,1
440000,2005,307,93,3,2,1484,1986,1825,1,0,0,19,1
309900,2011,323,98,3,2,1496,1979,2378,1,0,1,32,1
444000,2005,295,90,3,2,1496,1981,1542,1,0,0,24,1
345000,2007,327,99,3,2,1501,1980,1542,1,0,0,27,1
400000,2011,368,112,3,2,1503,1951,10254,1,0,1,60,0
223500,2003,255,84,3,2,1506,1975,0,0,0,0,28,1
341500,2009,409,124,3,2,1508,1953,9827,1,0,0,56,0
306000,2013,251,83,3,2,1510,1975,0,0,0,1,38,1
438950,2006,385,117,3,2,1512,1977,2613,1,0,0,29,1
340000,2008,286,87,3,2,1514,1997,0,1,0,0,11,1
260000,2010,257,78,3,2,1518,1991,0,1,0,1,19,1
415000,2014,352,107,3,2,1522,1989,1760,1,0,0,25,1
345000,2012,317,96,3,2,1524,2006,0,1,0,1,6,1
320000,2016,360,109,3,2,1532,1980,1812,1,0,0,36,1
399900,2003,409,124,3,2,1534,1953,10023,1,0,0,50,0
228000,2010,269,69,3,2,1540,1972,1742,0,0,1,38,1
239000,2010,266,68,3,2,1540,1973,1742,0,0,1,37,1
310000,2012,307,87,3,2,1541,1977,87991,1,0,1,35,0
415000,2011,430,131,3,2,1544,1996,1964,1,0,1,15,1
385000,2009,359,109,3,2,1546,1993,1600,1,0,0,16,1
325000,2007,433,132,3,2,1548,1950,16988,1,0,0,57,0
245000,1999,635,184,3,2,1550,1936,13939,1,0,0,63,0
324999,2014,284,86,3,2,1554,1954,3767,1,0,0,60,1
469335,2004,524,159,3,2,1556,1986,1742,1,0,0,18,1
607000,2007,562,171,3,2,1560,1950,20908,1,0,0,57,0
460000,2005,397,121,3,2,1564,1977,9282,1,0,0,28,0
381000,2006,360,110,3,2,1574,1986,0,1,0,0,20,1
305000,2007,228,64,3,2,1575,1983,1759,1,0,0,24,1
272500,2002,438,133,3,2,1582,1958,10890,1,0,0,44,0
395000,2013,426,129,3,2,1586,1972,13068,1,0,1,41,0
450000,2006,397,102,3,2,1590,1986,11325,1,0,0,20,0
300000,2009,307,93,3,2,1593,1991,0,1,0,0,18,1
243000,1998,409,125,3,2,1594,1998,1594,1,0,0,0,1
449835,2008,344,104,3,2,1600,1994,2561,1,0,0,14,1
214000,1997,425,129,3,2,1600,1996,1846,1,0,0,1,1
290889,2010,294,83,3,2,1600,2010,1720,1,0,1,0,1
212000,2010,367,72,3,2,1614,1961,7013,1,0,1,49,0
384900,2005,259,73,3,2,1614,1992,2688,1,0,0,13,1
428002,2006,324,98,3,2,1620,2006,0,1,0,0,0,1
540000,2005,344,104,3,2,1621,2005,1120,1,0,0,0,1
422000,2013,377,114,3,2,1624,2004,1057,1,0,1,9,1
218000,2003,307,93,3,2,1625,1974,1595,1,0,0,29,1
289990,2009,286,73,3,2,1629,2009,0,0,0,0,0,1
355000,2004,373,96,3,2,1632,1988,1742,1,0,0,16,1
499900,2005,469,156,3,2,1636,2000,2178,0,0,0,5,1
265000,2009,368,94,3,2,1637,1988,6969,0,0,0,21,0
365000,2010,326,99,3,2,1638,1984,0,1,0,1,26,1
209900,2003,325,83,3,2,1640,1985,1742,1,0,0,18,1
347903,2004,319,97,3,2,1640,2004,1400,1,0,0,0,1
297000,2009,352,107,3,2,1650,1955,10800,1,0,0,54,0
600000,2008,520,158,3,2,1654,1941,8102,1,0,0,67,0
450000,2007,409,124,3,2,1661,1979,1575,1,0,0,28,0
395000,2014,340,103,3,2,1661,1988,3057,1,0,0,26,1
232600,2012,286,73,3,2,1662,1972,2614,0,0,1,40,1
550000,2008,541,165,3,2,1672,1984,1734,1,0,0,24,1
255000,2010,300,85,3,2,1672,2004,1803,1,0,1,6,1
407200,2005,327,99,3,2,1674,1993,1842,1,0,0,12,1
485000,2013,418,127,3,2,1682,1965,9456,1,0,1,48,0
226000,2009,300,77,3,2,1682,1991,1742,1,0,0,18,1
395000,2005,290,82,3,2,1682,2004,1808,1,0,0,1,1
389990,2004,286,81,3,2,1686,2004,2047,1,0,0,0,1
489000,2012,426,129,3,2,1691,1986,13939,1,0,1,26,0
247640,1999,434,132,3,2,1692,1999,1598,1,0,0,0,1
525000,2006,352,107,3,2,1695,1982,0,1,0,0,24,1
525000,2012,471,163,3,2,1696,1941,5675,1,0,1,71,0
271900,2008,290,88,3,2,1705,1979,0,1,0,0,29,1
679370,2013,594,181,3,2,1706,2013,1173,1,0,1,0,1
360000,2010,377,114,3,2,1708,2004,1899,1,0,1,6,1
600000,2006,630,218,3,2,1710,1974,0,1,0,0,32,1
215570,2001,400,122,3,2,1722,1978,1977,1,0,0,23,1
450000,2008,450,137,3,2,1725,1996,2108,1,0,0,12,1
342500,2010,319,97,3,2,1729,1962,15681,1,0,1,48,0
566700,2011,526,174,3,2,1734,1925,5519,1,0,1,86,0
430000,2004,404,123,3,2,1750,1981,1746,1,0,0,23,1
319500,2003,337,112,3,2,1752,1997,1981,1,0,0,6,1
335655,2005,299,85,3,2,1760,2004,1790,1,0,0,1,1
539900,2005,458,139,3,2,1768,1999,2545,1,0,0,6,1
529600,2005,392,119,3,2,1770,1958,23086,1,0,0,47,0
446151,2011,428,142,3,2,1778,1994,1711,1,0,1,17,0
285810,2010,305,78,3,2,1784,2010,0,0,0,1,0,1
457091,2013,337,117,3,2,1786,1947,9270,0,0,1,66,0
429000,2012,392,119,3,2,1787,1993,2143,1,0,1,19,1
214900,2000,334,94,3,2,1793,1984,55756,1,0,0,16,0
203000,1996,561,195,3,2,1800,1947,6943,1,0,0,49,0
346000,2014,327,99,3,2,1800,1975,11325,1,0,0,39,0
630000,2006,594,181,3,2,1806,1959,20037,1,0,0,47,0
321610,2002,378,107,3,2,1806,2002,1372,1,0,0,0,1
399900,2005,354,91,3,2,1810,1988,2178,1,0,0,17,1
340000,2007,360,71,3,2,1814,1999,2570,1,0,0,8,1
349900,1999,396,102,3,2,1823,1945,41817,1,0,0,54,0
262000,2011,343,83,3,2,1828,1985,17424,1,0,1,26,0
365000,2007,319,97,3,2,1833,1978,2143,1,0,0,29,1
291000,2012,290,82,3,2,1836,2005,2278,1,0,1,7,1
300000,2008,329,84,3,2,1840,1997,2613,1,0,0,11,1
345000,2006,327,99,3,2,1842,1975,0,1,0,0,31,1
325000,2008,329,84,3,2,1842,1995,5227,1,0,0,13,1
290000,2010,367,94,3,2,1848,1988,4792,1,0,1,22,0
293000,2002,303,92,3,2,1854,1953,9565,1,0,0,49,0
247000,2010,274,78,3,2,1857,2003,2622,1,0,1,7,1
382921,2003,471,143,3,2,1858,2003,2242,1,0,0,0,1
643000,2012,551,191,3,2,1862,1940,5344,1,0,1,72,0
367139,2007,313,80,3,2,1864,2007,0,0,0,0,0,1
309000,2008,392,119,3,2,1866,1953,10654,1,0,0,55,0
446000,2011,401,122,3,2,1875,1979,1540,1,0,1,32,1
420000,2008,434,132,3,2,1878,1996,2178,1,0,0,12,1
370000,2003,375,124,3,2,1884,1999,1821,1,0,0,4,0
385000,2000,586,195,3,2,1885,1997,0,0,0,0,3,1
450000,2010,390,129,3,2,1900,1998,1140,1,0,1,12,1
279900,2002,377,114,3,2,1910,1989,1986,1,0,0,13,1
496876,2005,402,103,3,2,1912,2005,1742,1,0,0,0,1
339900,2003,352,107,3,2,1918,1988,3057,1,0,0,15,1
675000,2006,553,168,3,2,1920,1993,3049,1,0,0,13,1
471500,2013,426,129,3,2,1934,1989,1556,1,0,1,24,1
565000,2014,464,161,3,2,1936,1952,6098,1,0,0,62,0
400000,2002,683,237,3,2,1940,1953,14374,1,0,0,49,0
445000,2016,411,125,3,2,1950,1951,9465,1,0,0,65,0
526000,2012,482,147,3,2,1984,2002,2141,1,0,1,10,1
350000,2015,336,102,3,2,1988,1957,11325,1,0,0,58,0
474000,2005,392,101,3,2,2008,2002,3484,1,0,0,3,1
400000,2008,426,129,3,2,2008,2005,2040,1,0,0,3,1
667000,2007,540,179,3,2,2014,1949,6272,1,0,0,58,0
489000,2003,611,212,3,2,2016,1975,6098,0,0,0,28,0
400000,2004,378,115,3,2,2017,1993,2561,1,0,0,11,1
753000,2007,647,224,3,2,2030,1947,7000,1,0,0,60,0
548000,2010,545,166,3,2,2036,2000,2000,1,0,1,10,0
310000,2011,352,100,3,2,2038,1975,43995,0,0,1,36,0
303000,2009,373,96,3,2,2038,2004,2613,1,0,0,5,1
395000,2005,277,78,3,2,2051,1983,7326,1,0,0,22,0
482500,2013,375,124,3,2,2062,1998,1329,1,0,1,15,1
260000,2004,339,87,3,2,2076,1998,2178,1,0,0,6,1
270000,2014,278,84,3,2,2079,1979,0,1,0,0,35,1
545000,2014,463,141,3,2,2084,1951,12196,1,0,0,63,0
312000,2000,474,164,3,2,2089,1981,0,1,0,0,19,1
344000,2004,296,84,3,2,2097,2003,2966,1,0,0,1,1
450000,2006,466,142,3,2,2100,1960,10572,1,0,0,46,0
320000,2007,300,77,3,2,2100,1993,2178,1,0,0,14,1
422500,2014,356,108,3,2,2102,1952,7535,1,0,0,62,0
365000,2002,413,137,3,2,2106,1981,1950,1,0,0,21,1
352500,2015,429,131,3,2,2112,1961,10497,1,0,0,54,0
615000,2013,537,163,3,2,2112,2000,2953,1,0,1,13,1
451675,2005,402,103,3,2,2121,2005,2178,1,0,0,0,1
485000,2004,406,134,3,2,2128,1981,2542,1,0,0,23,0
369000,2004,426,109,3,2,2130,2004,3484,1,0,0,0,1
600000,2008,647,224,3,2,2140,1990,7405,0,0,0,18,0
599900,2004,496,172,3,2,2146,1956,7148,0,0,0,48,0
699000,2005,515,171,3,2,2155,1995,1781,1,0,0,10,0
279000,1999,569,173,3,2,2172,1993,2600,1,0,0,6,1
590000,2008,554,192,3,2,2201,1955,7448,1,0,0,53,0
327990,2004,264,74,3,2,2204,2004,2940,1,0,0,0,1
261885,2009,237,67,3,2,2215,2009,0,0,0,0,0,1
705000,2010,575,191,3,2,2220,1954,6098,1,0,1,56,0
284857,2000,500,152,3,2,2236,1999,1903,1,0,0,1,1
395000,2006,321,91,3,2,2269,1988,3232,1,0,0,18,1
304320,2010,317,89,3,2,2296,2010,1981,1,0,1,0,1
409900,2007,422,108,3,2,2313,2005,2613,1,0,0,2,1
261250,2015,356,108,3,2,2320,1959,21780,1,0,0,56,0
385000,2012,303,92,3,2,2328,2010,0,1,0,1,2,1
359000,2011,299,91,3,2,2328,2011,0,1,0,1,0,1
588000,2010,465,154,3,2,2370,2009,0,1,0,1,1,1
340000,2012,370,104,3,2,2376,1981,51400,1,0,1,31,0
250000,2009,245,69,3,2,2384,2009,0,0,0,0,0,0
646319,2001,778,237,3,2,2392,2001,1568,1,0,0,0,1
772890,2013,688,209,3,2,2432,2012,2340,1,0,1,1,1
505000,2010,471,143,3,2,2437,2005,1827,1,0,1,5,1
653931,2007,467,142,3,2,2439,2007,1271,1,0,0,0,1
305000,2014,277,78,3,2,2464,1994,2613,1,0,0,20,1
389000,2006,312,88,3,2,2490,2004,2609,1,0,0,2,1
333500,2013,325,83,3,2,2499,2009,0,0,0,1,4,1
297283,2012,300,73,3,2,2500,2012,0,0,0,1,0,1
535000,2004,524,160,3,2,2526,1999,2591,1,0,0,5,1
626934,2007,520,158,3,2,2539,2007,2979,1,0,0,0,1
311370,2009,310,80,3,2,2552,2009,0,0,0,0,0,1
332320,2012,337,87,3,2,2552,2012,0,0,0,1,0,1
395841,2008,352,100,3,2,2564,2008,2922,1,0,0,0,1
378672,2007,320,82,3,2,2591,2007,0,1,0,0,0,1
378672,2007,320,82,3,2,2591,2007,0,0,0,0,0,0
502000,2003,573,174,3,2,2600,1983,40510,1,0,0,20,0
452145,2005,322,91,3,2,2611,2005,5723,1,0,0,0,1
254400,1997,606,156,3,2,2662,1973,260488,1,0,0,24,0
699900,2001,1008,350,3,2,2665,1965,0,0,0,0,36,1
325344,2010,289,82,3,2,2700,2010,0,1,0,1,0,1
497500,2000,871,302,3,2,2729,1991,2966,1,0,0,9,1
392235,2007,329,84,3,2,2766,2007,0,0,0,0,0,1
280000,2000,606,185,3,2,2796,1972,3120,1,0,0,28,1
401195,2007,317,89,3,2,2821,2007,4578,1,0,0,0,0
465000,2016,573,174,3,2,2872,1971,13503,1,0,0,45,0
387500,1994,1511,524,3,2,2875,1981,0,0,0,0,13,1
760000,2004,594,181,3,2,2900,2004,3484,1,0,0,0,1
525000,2004,471,143,3,2,2952,1999,1920,1,0,0,5,1
462790,2004,436,112,3,2,3040,2004,3484,1,0,0,0,1
544000,2003,647,197,3,2,3050,1957,15245,1,0,0,46,0
376968,2012,367,104,3,2,3102,2012,3162,1,0,1,0,1
370000,2003,352,100,3,2,3187,1975,160736,1,0,0,28,0
425000,2001,963,293,3,2,3194,1900,23522,1,0,0,101,0
495900,2007,509,131,3,2,3416,1986,140263,1,0,0,21,0
519900,2004,523,134,3,2,3477,1988,8712,1,0,0,16,0
275000,2008,363,93,3,3,500,1998,2613,1,0,0,10,1
575000,2005,516,157,3,3,962,1956,10580,1,0,0,49,0
212000,2002,303,92,3,3,1080,1988,1995,1,0,0,14,0
342000,2004,307,93,3,3,1116,2000,937,1,0,0,4,1
619000,2014,573,174,3,3,1137,1977,38332,1,0,0,37,0
290000,2008,360,110,3,3,1163,1943,7200,1,0,0,65,0
370000,2005,269,82,3,3,1170,1985,1200,1,0,0,20,1
451000,2005,393,119,3,3,1188,1979,1568,1,0,0,26,1
385500,2005,326,99,3,3,1220,1983,1300,1,0,0,22,1
295000,2010,344,105,3,3,1220,1987,2269,1,0,1,23,1
235000,2011,301,92,3,3,1226,1992,1498,1,0,1,19,1
343000,2008,295,89,3,3,1240,1998,1400,1,0,0,10,1
355000,2015,430,131,3,3,1247,1959,10754,1,0,0,56,0
425000,2006,245,75,3,3,1280,1972,1589,1,0,0,34,1
335000,2016,410,125,3,3,1280,1975,1424,1,0,0,41,1
332271,2015,307,93,3,3,1280,1984,1500,1,0,0,31,1
332000,2016,258,78,3,3,1280,1986,1340,1,0,0,30,1
335000,2012,326,99,3,3,1290,1980,1585,1,0,1,32,1
320000,2004,307,93,3,3,1294,1984,1441,1,0,0,20,1
435000,2005,299,91,3,3,1300,1986,2178,1,0,0,19,1
205000,2014,284,56,3,3,1300,2005,0,0,0,0,9,1
375000,2007,314,95,3,3,1320,1978,1400,1,0,0,29,1
236500,2003,306,93,3,3,1328,1981,1542,1,0,0,22,1
622500,2005,523,159,3,3,1360,1969,1750,1,0,0,36,1
398000,2005,122,37,3,3,1360,1975,1520,1,0,0,30,0
530000,2006,408,135,3,3,1360,1990,1880,1,0,0,16,0
310000,2010,336,102,3,3,1366,1998,0,1,0,1,12,1
249000,2008,298,91,3,3,1368,1987,2356,1,0,0,21,1
295000,2008,319,97,3,3,1392,1978,1520,1,0,0,30,1
329900,2004,314,81,3,3,1406,2001,0,1,0,0,3,1
330000,2010,340,103,3,3,1408,1974,1868,1,0,1,36,1
300000,2015,356,108,3,3,1408,1977,1650,1,0,0,38,1
310000,2005,344,105,3,3,1408,1980,1542,1,0,0,25,1
323000,2007,349,89,3,3,1408,1989,2613,1,0,0,18,1
253000,2013,244,69,3,3,1420,1991,1599,1,0,1,22,1
517500,2005,385,117,3,3,1428,1990,1650,1,0,0,15,1
340000,2007,302,92,3,3,1440,1985,2442,1,0,0,22,1
313540,2010,336,102,3,3,1450,1994,1392,1,0,1,16,1
360000,2008,360,109,3,3,1451,1992,1759,1,0,0,16,1
315500,2003,352,107,3,3,1452,1976,1542,1,0,0,27,1
290000,2012,315,96,3,3,1452,1978,1542,1,0,1,34,1
365000,2010,356,108,3,3,1452,1978,1726,1,0,1,32,1
355000,2013,307,93,3,3,1452,1984,1650,1,0,1,29,1
311000,2001,425,129,3,3,1456,1960,22215,1,0,0,41,0
399900,2015,368,112,3,3,1456,1989,1501,1,0,0,26,1
408000,2005,348,89,3,3,1456,1990,1742,1,0,0,15,1
475000,2005,348,106,3,3,1462,1987,2178,1,0,0,18,1
415000,2011,384,117,3,3,1474,1970,1760,1,0,1,41,1
401000,2011,479,146,3,3,1479,1979,1700,1,0,1,32,1
275000,2008,319,97,3,3,1480,1977,9099,1,0,0,31,0
350000,2009,352,107,3,3,1492,2003,1308,1,0,0,6,1
365000,2010,373,113,3,3,1496,1978,1742,1,0,1,32,1
720000,2006,576,199,3,3,1525,1950,9276,1,0,0,56,0
234000,2001,327,99,3,3,1532,1997,1698,1,0,0,4,1
538430,2011,523,159,3,3,1532,2011,835,1,0,1,0,1
649900,2011,539,187,3,3,1538,1946,5999,1,0,1,65,0
410000,2005,327,100,3,3,1540,1977,1650,1,0,0,28,1
236000,2010,311,94,3,3,1542,1985,1977,1,0,1,25,1
445000,2009,430,131,3,3,1552,1989,2096,1,0,0,20,1
325000,2011,315,96,3,3,1556,1992,1650,1,0,1,19,1
387000,2012,348,106,3,3,1568,1986,2230,1,0,1,26,1
334000,2004,299,91,3,3,1584,1983,1742,1,0,0,21,0
391066,2015,341,104,3,3,1584,1984,2652,1,0,0,31,1
395000,2004,352,107,3,3,1586,1994,1793,1,0,0,10,1
273050,2011,296,76,3,3,1588,2011,0,0,0,1,0,1
524000,2005,430,131,3,3,1600,1989,1660,1,0,0,16,1
264900,2004,300,77,3,3,1600,2001,0,1,0,0,3,1
719981,2013,655,199,3,3,1610,2013,792,1,0,1,0,1
397000,2012,360,110,3,3,1618,2004,1672,1,0,1,8,1
612000,2007,561,171,3,3,1628,1971,1694,1,0,0,36,1
486990,2011,479,146,3,3,1628,2010,1424,1,0,1,1,1
785000,2016,527,160,3,3,1640,1951,8530,1,0,0,65,0
343000,2008,327,100,3,3,1640,1996,1834,1,0,0,12,1
420000,2004,381,132,3,3,1646,1991,0,0,0,0,13,1
284900,2003,387,99,3,3,1649,1989,6534,1,0,0,14,0
200000,2015,266,81,3,3,1650,1969,1799,1,0,0,46,1
450000,2010,438,133,3,3,1652,2001,1540,1,0,1,9,1
420000,2008,358,109,3,3,1656,1973,2574,1,0,0,35,1
353140,2009,348,106,3,3,1656,1977,2639,1,0,0,32,1
223932,1996,422,128,3,3,1656,1996,1980,1,0,0,0,0
267500,2003,277,78,3,3,1658,2001,2613,1,0,0,2,1
285000,2011,270,82,3,3,1661,1976,0,1,0,1,35,1
459990,2008,345,114,3,3,1672,1980,1445,1,0,0,28,1
241000,2002,348,106,3,3,1674,1988,0,1,0,0,14,1
248500,2002,343,104,3,3,1678,1987,1280,1,0,0,15,1
427000,2007,336,102,3,3,1680,1998,2100,1,0,0,9,1
411300,2014,343,104,3,3,1680,2005,2160,1,0,0,9,1
347000,2011,344,105,3,3,1684,1988,0,1,0,1,23,1
350000,2013,282,86,3,3,1687,1997,0,1,0,1,16,1
234000,2008,286,81,3,3,1692,1999,1498,1,0,0,9,1
314900,2014,295,83,3,3,1700,2003,1882,1,0,0,11,1
379900,2004,377,97,3,3,1708,2001,1742,1,0,0,3,1
419900,2004,418,127,3,3,1716,1992,1650,1,0,0,12,1
290000,2009,418,127,3,3,1722,1978,1575,1,0,0,31,1
602000,2011,623,189,3,3,1731,2000,1407,1,0,1,11,1
282344,2008,237,67,3,3,1731,2008,0,0,0,0,0,1
459900,2012,401,122,3,3,1738,1989,1760,1,0,1,23,1
200000,2001,340,103,3,3,1746,1987,1911,1,0,0,14,1
280000,2010,336,102,3,3,1747,1995,1607,1,0,1,15,1
435000,2005,343,104,3,3,1750,1986,1650,1,0,0,19,1
420000,2016,350,106,3,3,1752,1970,9630,1,0,0,46,0
389900,2004,327,99,3,3,1756,1996,1607,1,0,0,8,1
482413,2005,377,114,3,3,1758,1995,1400,1,0,0,10,1
305000,2011,334,94,3,3,1760,2002,4665,1,0,1,9,0
225000,2009,317,89,3,3,1760,2006,2200,1,0,0,3,1
359000,2002,471,143,3,3,1766,1994,2031,1,0,0,8,1
392000,2009,400,122,3,3,1770,1986,1799,1,0,0,23,1
565000,2007,504,153,3,3,1774,1993,1598,1,0,0,14,1
515000,2005,345,105,3,3,1774,2002,1520,1,0,0,3,1
478040,2007,304,86,3,3,1774,2007,8293,1,0,0,0,0
320000,2011,327,99,3,3,1780,1968,2003,1,0,1,43,1
477000,2008,515,157,3,3,1798,1991,1856,1,0,0,17,1
415000,2010,381,116,3,3,1814,1989,1398,1,0,1,21,1
525000,2012,454,138,3,3,1815,1993,2330,1,0,1,19,1
265000,2008,303,92,3,3,1821,1992,3097,1,0,0,16,1
680300,2005,625,217,3,3,1827,1952,10890,1,0,0,53,0
375000,2011,350,106,3,3,1834,1986,1373,1,0,1,25,1
235000,2012,269,82,3,3,1840,1985,1951,1,0,1,27,1
650000,2004,708,206,3,3,1844,1987,2309,1,0,0,17,1
440000,2006,383,98,3,3,1860,2004,2613,1,0,0,2,1
616700,2005,482,147,3,3,1874,1994,2448,1,0,0,11,1
299000,2004,229,64,3,3,1882,1994,2822,1,0,0,10,1
385000,2003,418,127,3,3,1885,1990,2718,1,0,0,13,1
435000,2008,430,131,3,3,1888,1995,1661,1,0,0,13,1
510000,2010,487,148,3,3,1900,1948,6250,1,0,1,62,0
292240,2000,471,143,3,3,1900,2000,1995,1,0,0,0,1
575000,2004,594,181,3,3,1902,1946,10541,1,0,0,58,0
647500,2007,576,199,3,3,1908,1985,0,0,0,0,22,1
544240,2005,409,124,3,3,1912,2005,2888,1,0,0,0,0
249900,2011,290,74,3,3,1919,1990,2178,1,0,1,21,1
560000,2005,470,121,3,3,1920,1996,1742,1,0,0,9,1
250000,2014,310,80,3,3,1923,1994,2178,1,0,0,20,1
285000,2015,397,121,3,3,1928,1968,2888,1,0,0,47,1
225000,2010,271,77,3,3,1940,2003,2478,1,0,1,7,0
410000,2011,385,117,3,3,1960,1991,2844,1,0,1,20,1
424700,2012,463,141,3,3,1962,1945,7200,1,0,1,67,0
655000,2007,602,183,3,3,1966,1996,1872,1,0,0,11,1
245950,2012,245,74,3,3,1971,1990,0,1,0,1,22,1
466000,2005,592,172,3,3,1980,1974,2700,1,0,0,31,1
320000,2002,430,131,3,3,1980,1994,2718,1,0,0,8,1
215000,2008,255,72,3,3,1985,1989,2788,1,0,0,19,1
485602,2004,463,141,3,3,1986,2004,2970,1,0,0,0,1
390000,2007,387,99,3,3,2000,1992,2613,1,0,0,15,1
265000,2012,339,96,3,3,2004,2007,2029,1,0,1,5,1
388000,2003,575,199,3,3,2010,1942,5496,1,0,0,61,0
422000,2006,332,101,3,3,2012,1991,2416,1,0,0,15,1
640000,2007,573,174,3,3,2032,1994,2016,1,0,0,13,1
307080,2001,450,137,3,3,2036,2001,1777,1,0,0,0,1
589900,2007,483,147,3,3,2046,2005,1872,1,0,0,2,1
439900,2013,423,120,3,3,2052,2003,1978,1,0,1,10,1
410000,2008,368,112,3,3,2055,1991,3145,1,0,0,17,1
605000,2013,477,158,3,3,2057,1995,1506,1,0,1,18,0
635000,2011,569,173,3,3,2064,1992,2217,1,0,1,19,1
310000,2005,229,64,3,3,2073,1988,2378,1,0,0,17,1
800000,2009,648,224,3,3,2086,1930,12632,1,0,0,79,0
280000,1998,640,222,3,3,2100,1986,0,1,0,0,12,1
440000,2013,360,109,3,3,2101,1987,2378,1,0,1,26,1
321500,2003,479,146,3,3,2102,1965,5127,1,0,0,38,1
246677,2016,348,89,3,3,2109,2007,2613,1,0,0,9,1
440000,2015,431,111,3,3,2118,2009,3484,0,0,0,6,1
339400,2010,431,111,3,3,2118,2009,3484,0,0,1,1,0
279900,2014,279,79,3,3,2148,2009,2731,1,0,0,5,1
780000,2013,626,217,3,3,2160,1983,2430,1,0,1,30,1
300000,2002,532,162,3,3,2163,1971,16552,1,0,0,31,0
332000,2014,361,88,3,3,2169,2013,2213,0,0,0,1,1
317990,2003,431,111,3,3,2190,2003,3484,1,0,0,0,0
535000,2012,483,147,3,3,2200,2001,2241,1,0,1,11,1
642000,2006,491,150,3,3,2200,2004,2171,1,0,0,2,1
488000,2003,615,204,3,3,2234,1967,9625,1,0,0,36,0
297000,2008,360,109,3,3,2240,1978,5876,1,0,0,30,0
225000,2013,377,97,3,3,2288,1971,10018,1,0,1,42,0
729000,2012,725,211,3,3,2320,1978,3106,0,0,1,34,1
375000,2006,286,81,3,3,2321,2000,2653,1,0,0,6,1
521000,2009,539,164,3,3,2329,1986,4451,1,0,0,23,1
400000,2014,364,111,3,3,2369,1984,2522,1,0,0,30,1
340000,2015,360,109,3,3,2372,1969,2683,1,0,0,46,1
355000,2004,368,112,3,3,2376,1983,2474,1,0,0,21,1
470000,2014,400,122,3,3,2401,1984,2617,1,0,0,30,1
440000,2005,458,139,3,3,2412,1973,12196,1,0,0,32,0
760000,2011,508,154,3,3,2426,1957,14810,1,0,1,54,0
403000,2007,460,118,3,3,2437,2007,4356,0,0,0,0,0
308000,1994,691,229,3,3,2448,1930,5000,1,0,0,64,0
750000,2007,590,179,3,3,2452,1981,2713,1,0,0,26,1
708500,2011,671,204,3,3,2460,1997,2931,1,0,1,14,1
660000,2004,721,220,3,3,2466,2000,1860,1,0,0,4,1
790830,2014,815,248,3,3,2466,2000,1944,1,0,0,14,1
314100,1997,696,212,3,3,2484,1997,2809,1,0,0,0,1
734235,2010,594,206,3,3,2496,2010,1406,1,0,1,0,1
333250,2012,338,112,3,3,2508,1976,0,1,0,1,36,1
680000,2004,728,212,3,3,2556,1997,1443,0,0,0,7,1
329990,2010,397,102,3,3,2568,2010,2614,1,0,1,0,1
300000,2001,487,148,3,3,2618,1991,2996,1,0,0,10,0
471000,2003,488,169,3,3,2626,1995,2222,1,0,0,8,1
400000,2009,485,124,3,3,2628,1993,9583,1,0,0,16,0
273001,2000,428,130,3,3,2630,1985,9783,1,0,0,15,0
605000,2008,499,166,3,3,2636,2000,2364,1,0,0,8,1
487500,2005,396,112,3,3,2640,1985,7326,1,0,0,20,0
282500,2012,301,73,3,3,2689,2012,0,0,0,1,0,1
475000,2009,438,133,3,3,2690,1989,2440,1,0,0,20,1
325344,2010,285,81,3,3,2700,2010,0,1,0,1,0,1
299000,1999,491,149,3,3,2701,1986,5633,1,0,0,13,0
489000,2009,459,140,3,3,2722,1992,3232,1,0,0,17,1
397000,2012,435,112,3,3,2790,2007,3920,1,0,1,5,1
396000,2004,500,152,3,3,2800,1991,10890,1,0,0,13,0
520000,2004,491,149,3,3,2804,1987,8677,1,0,0,17,0
468041,2006,449,88,3,3,2807,2006,2226,1,0,0,0,1
390000,2007,422,108,3,3,2846,1984,4791,1,0,0,23,0
345000,2008,370,104,3,3,2900,1981,53143,1,0,0,27,0
475000,1995,1391,462,3,3,2936,1994,1376,0,0,0,1,0
315435,1995,705,215,3,3,3027,1995,11761,1,0,0,0,0
359900,2001,430,131,3,3,3060,1996,8507,1,0,0,5,0
665000,2013,561,171,3,3,3135,1994,3463,1,0,1,19,1
534000,2005,494,127,3,3,3155,2003,8276,1,0,0,2,0
426000,2008,396,112,3,3,3352,2002,5954,1,0,0,6,0
509000,2009,519,180,3,3,3408,1941,10384,1,0,0,68,0
431375,2002,582,149,3,3,3855,2002,5662,1,0,0,0,1
343000,2007,291,88,3,4,1232,1973,1760,1,0,0,34,1
251000,2009,334,86,3,4,1480,1998,1742,1,0,0,11,1
393500,2011,360,109,3,4,1492,2004,1308,1,0,1,7,1
475000,2005,348,106,3,4,1496,1987,2177,1,0,0,18,1
225540,2010,246,69,3,4,1500,2010,0,1,0,1,0,1
335000,2007,277,78,3,4,1556,2004,1241,1,0,0,3,1
498000,2005,373,113,3,4,1584,1976,1794,1,0,0,29,1
485000,2003,527,161,3,4,1584,1988,1759,1,0,0,15,1
285000,2015,397,121,3,4,1628,1968,2887,1,0,0,47,1
506900,2011,482,147,3,4,1628,2011,1166,1,0,1,0,1
200750,1999,401,122,3,4,1633,1977,1716,1,0,0,22,1
323500,2003,368,112,3,4,1661,1989,1759,1,0,0,14,1
293000,2012,270,82,3,4,1700,1986,2626,1,0,1,26,1
314900,2014,295,83,3,4,1700,2003,1882,1,0,0,11,1
417000,2008,393,119,3,4,1712,1994,2184,1,0,0,14,1
305109,2011,407,124,3,4,1750,1966,1850,1,0,1,45,1
275000,2001,445,154,3,4,1764,1966,2893,1,0,0,35,1
570000,2016,508,154,3,4,1774,1993,1600,1,0,0,23,1
560000,2005,470,121,3,4,1920,1996,1742,1,0,0,9,1
285540,2001,441,113,3,4,2036,2001,2178,1,0,0,0,1
318500,2003,381,132,3,4,2052,1989,0,1,0,0,14,1
542450,2007,374,106,3,4,2100,2007,5606,1,0,0,0,0
345000,1996,688,210,3,4,2136,1986,3034,1,0,0,10,1
549000,2013,479,146,3,4,2160,2001,1800,1,0,1,12,1
593046,2005,434,132,3,4,2208,2005,1800,1,0,0,0,1
228000,2010,267,76,3,4,2223,1986,2718,1,0,1,24,1
373275,1999,614,187,3,4,2236,1999,1944,1,0,0,0,1
206500,2001,294,83,3,4,2367,1987,28749,1,0,0,14,0
525500,2005,423,109,3,4,2382,2001,2614,1,0,0,4,1
650000,2004,720,209,3,4,2400,1987,2309,1,0,0,17,1
363000,2014,334,94,3,4,2422,2006,3258,1,0,0,8,1
427000,2013,378,107,3,4,2803,1985,10890,1,0,1,28,0
500000,2014,623,189,3,4,3019,1988,2532,1,0,0,26,0
760000,2013,680,207,3,4,3084,2002,0,1,0,1,11,1
755000,2011,684,208,3,4,3200,2004,0,1,0,1,7,1
707368,2003,687,209,3,4,3261,2003,0,1,0,0,0,1
412939,2002,499,128,3,4,3578,2002,3920,1,0,0,0,0
763812,2003,1941,673,3,4,4300,1986,0,0,0,0,17,1
425000,2011,381,116,4,1,1142,1977,10890,1,0,1,34,0
216500,2016,281,79,4,1,1176,1974,20037,1,0,0,42,0
328150,2008,327,99,4,1,1326,1957,11761,1,0,0,51,0
325000,2013,377,114,4,1,1365,1950,7370,1,0,1,63,0
239900,2002,329,85,4,1,1374,1998,1307,1,0,0,4,1
355000,2011,343,104,4,1,1662,1956,6499,1,0,1,55,0
250000,2015,376,114,4,1,1764,1950,9461,1,0,0,65,0
515000,2009,533,137,4,1,2852,1993,6098,1,0,0,16,0
345000,1993,818,249,4,1,2912,1988,20473,1,0,0,5,0
675000,2010,584,178,4,1,3616,1983,12196,1,0,1,27,0
508053,2001,819,250,4,1,4116,2000,12196,1,0,0,1,0
687500,2012,655,200,4,1,4300,2011,22215,1,0,1,1,0
539079,1994,1065,324,4,1,5327,1994,19602,1,0,0,0,0
215000,2014,237,67,4,2,800,1970,10001,1,0,0,44,0
290000,2011,471,143,4,2,876,1940,18730,1,0,1,71,0
400000,2013,400,122,4,2,954,1959,22215,1,0,1,54,0
485000,2004,532,162,4,2,988,1955,11761,1,0,0,49,0
202000,2008,202,57,4,2,1040,1964,10001,1,0,0,44,0
281000,2001,433,132,4,2,1040,1975,15245,1,0,0,26,0
300000,2015,434,132,4,2,1046,1959,8537,1,0,0,56,0
266000,2012,348,106,4,2,1056,1956,9465,1,0,1,56,0
412000,2006,368,112,4,2,1080,1950,7199,1,0,0,56,0
385000,2008,426,129,4,2,1092,1964,11761,1,0,0,44,0
215000,2014,207,58,4,2,1152,1950,15681,0,0,0,64,0
585000,2006,540,187,4,2,1170,1936,5998,1,0,0,70,0
420000,2008,434,132,4,2,1170,1953,10599,1,0,0,55,0
315000,2005,260,73,4,2,1200,1996,1359,1,0,0,9,1
645000,2006,594,206,4,2,1226,1950,14810,1,0,0,56,0
276840,2009,319,97,4,2,1269,1956,8563,1,0,0,53,0
350000,2014,327,99,4,2,1269,1956,9121,1,0,0,58,0
500000,2011,491,149,4,2,1272,1957,12632,1,0,1,54,0
526000,2004,532,162,4,2,1276,1959,11325,1,0,0,45,0
390000,2004,330,115,4,2,1302,1954,10558,1,0,0,50,0
343500,2005,277,78,4,2,1311,1988,10323,0,0,0,17,0
275000,2001,405,123,4,2,1314,1957,30056,1,0,0,44,0
375000,2009,441,134,4,2,1323,1965,11325,1,0,0,44,0
625000,2005,540,187,4,2,1325,1948,8276,1,0,0,57,0
489950,2006,491,150,4,2,1350,1948,10497,1,0,0,58,0
329000,2010,368,112,4,2,1360,1957,10858,1,0,1,53,0
335000,2011,323,98,4,2,1360,1982,1480,1,0,1,29,1
214900,2002,339,87,4,2,1364,1963,8276,0,0,0,39,0
559900,2012,504,174,4,2,1386,1930,4199,1,0,1,82,0
200100,2012,264,75,4,2,1387,1962,10010,1,0,1,50,0
234000,1998,648,224,4,2,1396,1918,5000,1,0,0,80,0
230000,2012,348,89,4,2,1404,1963,11325,0,0,1,49,0
617500,2005,565,172,4,2,1436,1965,10890,1,0,0,40,0
645000,2005,605,184,4,2,1449,1963,14374,1,0,0,42,0
377750,2011,374,114,4,2,1476,1950,7200,1,0,1,61,0
390000,2003,614,187,4,2,1484,1960,7501,1,0,0,43,0
346080,2009,430,131,4,2,1492,1952,12196,1,0,0,57,0
418000,2008,422,128,4,2,1500,1972,9491,1,0,0,36,0
422000,2013,381,116,4,2,1505,1957,10558,1,0,1,56,0
200000,2009,315,96,4,2,1512,1971,4568,1,0,0,38,0
227000,2009,290,74,4,2,1540,1974,1742,0,0,0,35,1
475000,2006,311,95,4,2,1549,1961,13503,1,0,0,45,0
530000,2014,479,146,4,2,1577,1968,14810,1,0,0,46,0
375000,2007,339,87,4,2,1588,1966,7841,0,0,0,41,0
439900,2005,459,140,4,2,1590,1968,11325,1,0,0,37,0
219900,1998,471,143,4,2,1590,1973,10698,1,0,0,25,0
308000,2016,360,109,4,2,1592,1943,6655,1,0,0,73,0
242000,2004,220,62,4,2,1593,1993,3079,1,0,0,11,1
565000,2013,491,149,4,2,1596,1969,20037,1,0,1,44,0
258400,2012,306,86,4,2,1640,1937,11325,1,0,1,75,0
410000,2012,418,127,4,2,1653,1950,10158,1,0,1,62,0
562500,2015,479,146,4,2,1653,1962,17424,1,0,0,53,0
430000,2004,4508,1374,4,2,1658,1963,10500,1,0,0,41,0
395000,2014,385,117,4,2,1659,1972,8533,1,0,0,42,0
348900,2006,352,107,4,2,1662,1966,1812,1,0,0,40,1
343000,2011,344,105,4,2,1663,1968,10890,1,0,1,43,0
377000,2007,383,98,4,2,1702,2007,1742,1,0,0,0,1
260000,2002,352,107,4,2,1719,1955,10585,1,0,0,47,0
400000,2011,372,113,4,2,1721,1964,11761,1,0,1,47,0
575000,2005,409,124,4,2,1736,1976,10842,1,0,0,29,0
390000,2003,430,131,4,2,1744,1978,8768,1,0,0,25,0
500000,2015,553,168,4,2,1746,1964,19602,1,0,0,51,0
304000,2015,308,87,4,2,1755,1964,10010,1,0,0,51,0
204000,2008,287,73,4,2,1760,1973,1742,0,0,0,35,1
335000,2009,368,112,4,2,1772,1957,11761,1,0,0,52,0
210000,1998,438,133,4,2,1791,1967,14810,1,0,0,31,0
495000,2006,385,117,4,2,1795,1956,10698,1,0,0,50,0
440000,2014,516,157,4,2,1800,1952,10310,1,0,0,62,0
225000,2011,339,87,4,2,1800,1981,10454,1,0,1,30,0
425000,2005,360,109,4,2,1810,1983,2426,1,0,0,22,1
387700,2012,422,128,4,2,1820,1951,10393,1,0,1,61,0
625000,2005,565,172,4,2,1820,1968,12196,1,0,0,37,0
358900,2010,400,122,4,2,1824,1979,11761,1,0,1,31,0
340000,2010,352,107,4,2,1848,1976,8659,1,0,1,34,0
540000,2005,368,112,4,2,1858,1984,8428,1,0,0,21,0
515000,2004,549,167,4,2,1868,1973,12196,1,0,0,31,0
708121,2005,499,152,4,2,1880,1986,10798,1,0,0,19,0
502250,2004,532,162,4,2,1882,1979,29185,1,0,0,25,0
580000,2011,573,174,4,2,1888,1969,1936,1,0,1,42,1
649000,2005,467,142,4,2,1900,1955,21780,1,0,0,50,0
202530,1999,411,106,4,2,1907,1998,3484,0,0,0,1,0
399000,2003,409,124,4,2,1915,1985,10441,1,0,0,18,0
232200,1996,471,143,4,2,1918,1965,10511,1,0,0,31,0
350400,2013,368,94,4,2,1942,1973,8276,0,0,1,40,0
375000,2008,441,134,4,2,1950,1974,10643,1,0,0,34,0
268000,2001,407,124,4,2,1958,1979,9400,1,0,0,22,0
274900,2008,351,107,4,2,1976,1975,8890,1,0,0,33,0
384406,2008,370,105,4,2,1979,2008,10001,1,0,0,0,0
235000,1996,594,181,4,2,1992,1975,9504,1,0,0,21,0
485000,2005,364,111,4,2,2000,1960,8511,1,0,0,45,0
451500,2007,352,107,4,2,2022,1955,10197,1,0,0,52,0
418000,2014,343,104,4,2,2031,1962,14810,1,0,0,52,0
555000,2012,503,153,4,2,2032,1991,8607,1,0,1,21,0
345000,2012,387,99,4,2,2040,1974,7840,0,0,1,38,0
375000,2011,360,109,4,2,2051,1974,8890,1,0,1,37,0
550500,2004,594,181,4,2,2065,1961,15681,1,0,0,43,0
630000,2005,567,188,4,2,2067,1948,4700,1,0,0,57,0
590000,2014,519,158,4,2,2096,1994,6438,1,0,0,20,0
306484,2016,402,103,4,2,2102,1987,3920,1,0,0,29,0
495000,2014,430,131,4,2,2104,1963,10497,1,0,0,51,0
642000,2011,586,178,4,2,2106,1959,10890,1,0,1,52,0
414000,2004,348,98,4,2,2112,1999,16552,1,0,0,5,0
215000,1999,491,149,4,2,2125,1966,10567,1,0,0,33,0
415000,2012,409,124,4,2,2144,1968,9513,1,0,1,44,0
673000,2005,590,180,4,2,2145,1970,10815,1,0,0,35,0
700000,2007,696,212,4,2,2146,1974,26571,1,0,0,33,0
700000,2011,590,180,4,2,2152,1967,14810,1,0,1,44,0
253000,2000,491,149,4,2,2158,1980,10890,1,0,0,20,0
450000,2012,450,137,4,2,2196,1966,18295,1,0,1,46,0
385000,2015,339,96,4,2,2200,1999,10502,1,0,0,16,0
464800,2009,471,143,4,2,2232,1983,13068,1,0,0,26,0
575000,2007,438,133,4,2,2246,1979,11761,1,0,0,28,0
429800,2005,321,91,4,2,2280,2005,2909,1,0,0,0,1
281990,2002,374,106,4,2,2294,2000,14374,1,0,0,2,0
579000,2010,532,162,4,2,2295,1965,10798,1,0,1,45,0
550000,2013,491,149,4,2,2296,1972,11761,1,0,1,41,0
307310,2016,306,87,4,2,2298,2004,4007,1,0,0,12,0
620000,2013,582,177,4,2,2299,1949,12632,1,0,1,64,0
297500,1995,553,168,4,2,2300,1966,11325,1,0,0,29,0
560000,2006,450,137,4,2,2300,1968,9024,1,0,0,38,0
585000,2011,520,158,4,2,2300,1970,15245,1,0,1,41,0
368765,2013,361,102,4,2,2348,2013,9683,1,0,1,0,0
540000,2011,549,167,4,2,2352,1979,17424,1,0,1,32,0
419000,2012,450,137,4,2,2382,1976,15681,1,0,1,36,0
475000,2014,490,149,4,2,2388,1985,8537,1,0,0,29,0
370000,2002,395,137,4,2,2392,1962,16117,0,0,0,40,0
269900,2002,405,114,4,2,2394,1988,8197,1,0,0,14,0
595000,2009,556,169,4,2,2400,1969,13939,1,0,0,40,0
420000,2013,405,114,4,2,2402,1976,48787,1,0,1,37,0
380000,2009,499,128,4,2,2404,1985,21344,1,0,0,24,0
535000,2012,532,162,4,2,2463,1977,10890,1,0,1,35,0
375000,2008,475,144,4,2,2472,1954,16552,1,0,0,54,0
525000,2012,586,178,4,2,2496,1970,14374,1,0,1,42,0
665000,2007,553,168,4,2,2510,1983,12632,1,0,0,24,0
650000,2005,395,137,4,2,2523,1892,20037,0,0,0,113,0
342500,2010,351,99,4,2,2541,1979,60983,0,0,1,31,0
205000,2000,397,121,4,2,2559,1980,10044,1,0,0,20,0
369990,2000,512,156,4,2,2582,1995,13068,1,0,0,5,0
448574,2013,499,121,4,2,2588,2013,4717,1,0,1,0,0
455000,2003,623,189,4,2,2594,1979,6921,1,0,0,24,0
260000,2013,351,99,4,2,2600,1947,14374,1,0,1,66,0
398000,2013,351,99,4,2,2603,2004,3598,1,0,1,9,1
504000,2012,524,159,4,2,2615,1971,18730,1,0,1,41,0
384900,2014,370,104,4,2,2616,1980,52707,1,0,0,34,0
352000,2002,630,162,4,2,2632,1969,436471,1,0,0,33,0
271500,2000,385,109,4,2,2640,1993,58806,1,0,0,7,0
640000,2004,623,190,4,2,2681,1900,10454,1,0,0,104,0
271135,2000,396,112,4,2,2688,1993,11761,1,0,0,7,0
570000,2013,594,168,4,2,2720,2013,435600,1,0,1,0,0
242500,1996,479,146,4,2,2728,1988,7492,1,0,0,8,0
310000,2002,651,189,4,2,2768,1937,9952,1,0,0,65,0
290000,2010,330,93,4,2,2770,2002,7962,1,0,1,8,0
745975,2006,553,142,4,2,2789,2006,10018,1,0,0,0,0
480000,2003,479,146,4,2,2887,1996,10763,1,0,0,7,0
510000,2013,573,174,4,2,2938,1952,10576,1,0,1,61,0
800000,2011,684,208,4,2,2949,1989,24829,1,0,1,22,0
705000,2008,590,180,4,2,2966,1994,10537,1,0,0,14,0
645000,2005,491,149,4,2,3000,1925,27878,1,0,0,80,0
342095,2002,374,106,4,2,3000,2002,7500,1,0,0,0,0
361000,1998,614,187,4,2,3008,1998,11325,1,0,0,0,0
290000,1997,706,234,4,2,3024,1947,8250,1,0,0,50,0
406325,2004,455,117,4,2,3038,2004,3484,1,0,0,0,1
555000,2014,483,147,4,2,3054,1970,15245,1,0,0,44,0
250000,1997,483,147,4,2,3069,1989,13068,1,0,0,8,0
325000,2012,352,107,4,2,3145,1977,3147,1,0,1,35,0
636870,2006,485,124,4,2,3162,2006,3484,0,0,0,0,1
310000,1994,635,193,4,2,3195,1980,21780,1,0,0,14,0
418040,2004,418,118,4,2,3373,2004,7566,1,0,0,0,0
748800,2008,378,107,4,2,3423,2005,4181,1,0,0,3,0
345000,2013,387,110,4,2,3528,1979,10166,1,0,1,34,0
661000,2004,655,199,4,2,3556,1980,13068,1,0,0,24,0
464665,2009,533,137,4,2,3608,2009,7840,1,0,0,0,0
745000,2012,655,200,4,2,3674,1980,72309,1,0,1,32,0
294996,2002,413,117,4,2,3711,2003,7405,1,0,0,-1,0
503000,1998,676,206,4,2,3780,1978,37461,1,0,0,20,0
257840,1997,593,181,4,2,3796,1978,20473,1,0,0,19,0
523000,2014,528,136,4,2,3948,1992,10890,1,0,0,22,0
550000,2014,548,141,4,2,4260,2000,8712,1,0,0,14,0
466222,2010,502,142,4,2,4470,2010,13503,1,0,1,0,0
502330,2000,688,209,4,2,4609,2000,10463,1,0,0,0,0
595000,1999,1045,318,4,2,5050,1999,15681,1,0,0,0,0
565200,2009,599,154,4,2,5193,2009,13503,1,0,0,0,0
500000,2015,844,257,4,3,693,1956,13068,1,0,0,59,0
335000,2016,450,137,4,3,988,1955,10733,1,0,0,61,0
380000,2015,418,127,4,3,1034,1986,7967,1,0,0,29,0
219900,2003,254,77,4,3,1140,1985,0,1,0,0,18,0
249950,2000,500,152,4,3,1176,1962,10497,1,0,0,38,0
240000,2008,286,87,4,3,1188,1971,1428,1,0,0,37,1
507000,2005,368,112,4,3,1206,1979,9151,1,0,0,26,0
380100,2016,384,117,4,3,1220,1984,1440,1,0,0,32,1
205000,2000,389,118,4,3,1249,1977,8894,1,0,0,23,0
357000,2011,359,109,4,3,1274,1978,2556,1,0,1,33,0
428000,2006,286,87,4,3,1280,1971,1498,1,0,0,35,1
320000,2013,326,92,4,3,1296,1964,20908,1,0,1,49,0
540000,2006,471,143,4,3,1314,1978,8509,1,0,0,28,0
300000,2011,441,134,4,3,1324,1963,11325,1,0,1,48,0
368900,2004,401,122,4,3,1340,1968,10552,1,0,0,36,0
225000,1994,471,143,4,3,1350,1960,13503,1,0,0,34,0
765000,2007,633,219,4,3,1354,1954,8976,1,0,0,53,0
384350,2004,350,106,4,3,1360,1978,1440,1,0,0,26,1
330000,2015,291,88,4,3,1360,1987,2325,1,0,0,28,0
214900,2001,344,88,4,3,1360,1997,2613,1,0,0,4,1
560000,2006,482,147,4,3,1363,1972,10667,1,0,0,34,0
569500,2005,430,131,4,3,1364,1958,33105,1,0,0,47,0
206000,2012,292,71,4,3,1364,1993,1760,1,0,1,19,1
329000,1999,712,217,4,3,1370,1958,18295,1,0,0,41,0
581710,2005,458,152,4,3,1374,1959,8093,1,0,0,46,0
319900,2005,274,78,4,3,1376,2002,1459,1,0,0,3,1
276270,2003,358,92,4,3,1388,2000,1306,1,0,0,3,1
350000,2006,303,86,4,3,1388,2002,2652,1,0,0,4,1
336873,2011,224,63,4,3,1412,2001,2108,1,0,1,10,1
495000,2015,614,187,4,3,1460,1956,12196,1,0,0,59,0
390000,2008,430,131,4,3,1464,1967,10454,1,0,0,41,0
660000,2006,560,171,4,3,1464,1970,13068,1,0,0,36,0
610000,2009,573,174,4,3,1466,1953,13503,1,0,0,56,0
480000,2004,524,160,4,3,1485,1969,17424,1,0,0,35,0
357000,2015,343,104,4,3,1496,1976,1585,1,0,0,39,1
392798,2010,343,104,4,3,1496,1976,1650,1,0,1,34,1
210920,2002,220,62,4,3,1496,1990,1551,1,0,0,12,1
416000,2004,364,111,4,3,1503,1970,1542,1,0,0,34,1
330000,2008,359,109,4,3,1512,1972,1433,1,0,0,36,1
345000,2016,389,118,4,3,1534,1975,1759,1,0,0,41,1
421900,2006,349,90,4,3,1536,1995,2178,1,0,0,11,1
349000,2002,434,132,4,3,1537,1979,8450,1,0,0,23,0
280000,2013,281,79,4,3,1538,1991,1738,1,0,1,22,1
417000,2007,360,110,4,3,1540,1971,2533,1,0,0,36,1
500000,2004,520,158,4,3,1540,1983,10058,1,0,0,21,0
272000,2000,472,143,4,3,1546,1984,4978,1,0,0,16,0
540000,2010,508,154,4,3,1560,1981,8934,1,0,1,29,0
259000,1997,602,183,4,3,1566,1967,1890,1,0,0,30,1
535000,2012,491,149,4,3,1584,1995,1804,1,0,1,17,1
675000,2005,573,175,4,3,1593,1956,28314,1,0,0,49,0
405000,2009,442,134,4,3,1600,1998,1600,1,0,0,11,1
370000,1998,635,193,4,3,1604,1958,10724,1,0,0,40,0
265000,2008,339,87,4,3,1670,1996,1742,1,0,0,12,1
212000,1997,474,144,4,3,1671,1965,12196,1,0,0,32,0
595000,2005,573,174,4,3,1672,1971,3840,1,0,0,34,1
360000,2007,299,85,4,3,1680,1988,1760,1,0,0,19,1
300000,2010,334,94,4,3,1680,2005,2274,1,0,1,5,1
309990,2008,299,84,4,3,1680,2007,2509,1,0,0,1,1
710165,2014,601,183,4,3,1682,2014,1149,1,0,0,0,1
391000,2014,404,104,4,3,1702,2007,2178,1,0,0,7,1
502000,2007,396,121,4,3,1707,1975,16117,1,0,0,32,0
510000,2014,436,133,4,3,1716,1993,1760,1,0,0,21,1
454500,2015,532,162,4,3,1745,1940,5623,1,0,0,75,0
350550,2015,491,150,4,3,1750,1950,7466,1,0,0,65,0
389900,2004,483,147,4,3,1752,1984,1584,1,0,0,20,1
226000,1994,500,152,4,3,1764,1969,16552,1,0,0,25,0
390000,2011,482,147,4,3,1768,1961,18295,1,0,1,50,0
375000,2015,389,118,4,3,1768,1979,2500,1,0,0,36,0
775000,2005,720,249,4,3,1773,1960,10001,1,0,0,45,0
532000,2006,483,147,4,3,1786,1982,2310,1,0,0,24,1
388000,2010,368,112,4,3,1800,1978,9950,1,0,1,32,0
429000,2005,356,108,4,3,1800,1983,2099,1,0,0,22,1
265500,2014,330,93,4,3,1821,1971,13068,1,0,0,43,0
301500,2011,387,99,4,3,1839,1973,7840,0,0,1,38,0
375000,2015,363,93,4,3,1839,1974,7840,0,0,0,41,0
458000,2010,409,125,4,3,1860,1994,1820,1,0,1,16,1
265000,2011,319,97,4,3,1872,1986,3099,1,0,1,25,1
515000,2011,491,149,4,3,1876,1970,13939,1,0,1,41,0
225000,2009,304,86,4,3,1894,2002,4700,1,0,0,7,0
620000,2007,573,174,4,3,1901,1946,23958,1,0,0,61,0
285000,2012,286,81,4,3,1904,1985,13068,1,0,1,27,0
279000,2015,356,108,4,3,1905,1955,8398,1,0,0,60,0
367000,2010,393,120,4,3,1930,1966,10532,1,0,1,44,0
420000,2012,480,123,4,3,1936,1994,1742,1,0,1,18,1
445000,2001,614,187,4,3,1976,1994,2027,1,0,0,7,1
384650,2011,436,112,4,3,1980,1985,8276,1,0,1,26,0
402500,2003,434,132,4,3,2008,2001,2214,1,0,0,2,1
480000,2010,612,212,4,3,2020,1925,5222,1,0,1,85,0
465000,2013,430,131,4,3,2020,1965,20037,1,0,1,48,0
499000,2005,361,102,4,3,2032,1979,15245,1,0,0,26,0
450000,2009,458,139,4,3,2033,1966,14374,1,0,0,43,0
550000,2008,589,179,4,3,2038,1978,2058,1,0,0,30,1
310100,1997,647,197,4,3,2060,1997,2003,1,0,0,0,1
490000,2006,421,128,4,3,2072,1999,1581,1,0,0,7,1
468000,2006,454,138,4,3,2090,1979,2639,1,0,0,27,1
315000,1999,557,169,4,3,2098,1962,21780,1,0,0,37,0
361000,2001,586,178,4,3,2100,1957,14374,1,0,0,44,0
448000,2008,409,125,4,3,2100,1958,24393,1,0,0,50,0
378000,2009,368,112,4,3,2100,1976,10149,1,0,0,33,0
295000,2012,278,84,4,3,2108,1969,3084,1,0,1,43,1
465000,2008,439,134,4,3,2128,2002,3563,1,0,0,6,0
558000,2004,466,142,4,3,2130,1976,21780,1,0,0,28,0
730000,2007,610,186,4,3,2134,1977,37026,1,0,0,30,0
642000,2001,853,296,4,3,2138,1941,9121,1,0,0,60,0
364900,2003,434,132,4,3,2139,1985,8576,1,0,0,18,0
460000,2007,512,156,4,3,2177,1966,14374,1,0,0,41,0
632500,2005,537,163,4,3,2180,1998,2718,1,0,0,7,1
507000,2016,606,184,4,3,2208,1965,10497,1,0,0,51,0
342150,1999,594,181,4,3,2224,1999,2040,1,0,0,0,1
399900,2013,412,106,4,3,2236,2009,3049,0,0,1,4,1
637000,2009,594,206,4,3,2251,1948,7014,1,0,0,61,0
640000,2004,581,177,4,3,2272,1985,13068,1,0,0,19,0
276325,2001,450,109,4,3,2275,2001,4691,1,0,0,0,0
520000,2006,422,128,4,3,2286,1968,11761,1,0,0,38,0
560000,2008,520,158,4,3,2298,1994,21780,1,0,0,14,0
399000,2007,330,93,4,3,2304,1978,49658,1,0,0,29,0
579900,2005,449,127,4,3,2317,1936,28314,1,0,0,69,0
630000,2006,532,162,4,3,2321,1965,11325,1,0,0,41,0
250000,2015,384,93,4,3,2335,1964,16552,1,0,0,51,0
415000,2000,898,298,4,3,2340,1969,1692,1,0,0,31,1
420000,2002,753,229,4,3,2347,1958,10500,1,0,0,44,0
790000,2006,716,248,4,3,2349,1965,10005,1,0,0,41,0
500000,2016,611,212,4,3,2352,1982,9243,1,0,0,34,0
420000,2011,430,131,4,3,2362,1977,20037,1,0,1,34,0
474000,2004,531,162,4,3,2375,1965,12196,1,0,0,39,0
275000,2001,418,127,4,3,2382,1980,5584,1,0,0,21,0
393878,2010,359,124,4,3,2400,1969,1700,1,0,1,41,1
515000,2009,532,162,4,3,2400,1970,11325,1,0,0,39,0
730000,2006,716,208,4,3,2400,1998,1704,0,0,0,8,1
409610,2002,532,162,4,3,2400,2002,3114,1,0,0,0,1
260000,1998,591,196,4,3,2408,1982,14374,1,0,0,16,0
250000,1997,561,171,4,3,2411,1983,11325,1,0,0,14,0
492500,2009,491,149,4,3,2413,1968,14810,1,0,0,41,0
329000,1994,648,224,4,3,2422,1950,10802,0,0,0,44,0
450000,2008,519,133,4,3,2432,1995,15245,1,0,0,13,0
247000,2001,385,117,4,3,2438,1978,5932,1,0,0,23,0
675000,2014,573,174,4,3,2440,1985,22215,1,0,0,29,0
785000,2013,791,274,4,3,2452,1939,6198,1,0,1,74,0
535000,2012,524,159,4,3,2455,1983,8215,1,0,1,29,0
435000,2011,384,117,4,3,2457,1985,8838,1,0,1,26,0
300000,2002,321,91,4,3,2457,1999,10663,1,0,0,3,0
675000,2006,569,173,4,3,2464,1983,54450,1,0,0,23,0
420000,2003,474,164,4,3,2470,1941,6943,1,0,0,62,0
790000,2006,655,199,4,3,2476,1994,5802,1,0,0,12,0
655000,2008,553,168,4,3,2480,1964,14374,1,0,0,44,0
221940,1997,466,132,4,3,2482,1997,23522,1,0,0,0,0
368500,2014,352,99,4,3,2496,1999,4403,1,0,0,15,0
630000,2011,819,249,4,3,2500,1962,12196,1,0,1,49,0
540000,2013,487,148,4,3,2500,1971,10500,1,0,1,42,0
610000,2008,507,154,4,3,2500,1975,66211,1,0,0,33,0
494463,2010,582,149,4,3,2501,2010,10890,1,0,1,0,0
590116,2007,548,141,4,3,2503,2007,7405,1,0,0,0,0
566000,2004,467,142,4,3,2504,2000,2866,1,0,0,4,0
675000,2007,708,206,4,3,2510,1999,1947,0,0,0,8,1
385000,2013,369,104,4,3,2512,1984,61855,1,0,1,29,0
400000,2008,491,149,4,3,2530,1962,11761,1,0,0,46,0
649900,2006,537,163,4,3,2535,2005,3985,1,0,0,1,0
570910,2005,450,137,4,3,2538,2005,3571,1,0,0,0,1
470000,2003,524,159,4,3,2540,1988,8272,1,0,0,15,0
252000,1998,573,174,4,3,2550,1986,14810,1,0,0,12,0
790000,2014,684,237,4,3,2554,1920,7779,1,0,0,94,0
670000,2004,597,182,4,3,2554,1995,10890,1,0,0,9,0
565000,2008,655,200,4,3,2560,1960,22215,1,0,0,48,0
355000,2012,378,107,4,3,2580,1999,11325,1,0,1,13,0
480000,2012,442,135,4,3,2600,1980,11325,1,0,1,32,0
580000,2004,471,143,4,3,2602,2002,3752,1,0,0,2,0
400000,2009,504,153,4,3,2611,1968,10275,1,0,0,41,0
610000,2014,483,147,4,3,2612,2004,3227,1,0,0,10,1
390224,2012,441,113,4,3,2622,2012,1742,1,0,1,0,1
307601,2002,363,103,4,3,2624,2002,5227,1,0,0,0,0
225380,2010,471,143,4,3,2640,2007,4033,1,0,1,3,0
496700,2007,378,107,4,3,2642,1961,89297,1,0,0,46,0
513293,2015,646,197,4,3,2648,1959,10606,1,0,0,56,0
469900,2005,330,93,4,3,2657,2002,7239,1,0,0,3,0
615000,2004,598,182,4,3,2659,1986,14810,1,0,0,18,0
635000,2009,753,229,4,3,2660,1957,17859,1,0,0,52,0
675000,2007,684,208,4,3,2664,1984,8707,1,0,0,23,0
355000,2009,435,123,4,3,2688,1976,51400,1,0,0,33,0
327570,1997,596,207,4,3,2722,1997,3441,0,0,0,0,0
440000,2004,541,164,4,3,2728,1961,10497,1,0,0,43,0
315000,2003,383,108,4,3,2740,1967,47044,1,0,0,36,0
635000,2012,611,186,4,3,2748,1981,12196,1,0,1,31,0
574900,2013,512,156,4,3,2751,1987,10349,1,0,1,26,0
575000,2013,524,159,4,3,2754,1971,20473,1,0,1,42,0
735000,2004,655,200,4,3,2768,1980,21344,1,0,0,24,0
370000,2008,513,132,4,3,2774,1999,7840,1,0,0,9,0
375000,2009,475,122,4,3,2786,1998,8276,1,0,0,11,0
699000,2009,623,207,4,3,2789,1961,10890,1,0,0,48,0
398000,2008,482,147,4,3,2800,1965,11761,1,0,0,43,0
293000,1993,646,197,4,3,2801,1981,13503,1,0,0,12,0
446815,2008,370,104,4,3,2849,1994,15681,1,0,0,14,0
665000,2011,589,179,4,3,2852,1985,8590,1,0,1,26,0
319550,1996,713,217,4,3,2899,1996,4917,1,0,0,0,0
415000,2014,826,274,4,3,2900,1936,5501,1,0,0,78,0
337000,2001,532,162,4,3,2900,1980,15245,1,0,0,21,0
446890,2013,427,121,4,3,2902,2012,7239,1,0,1,1,0
625000,2012,569,173,4,3,2905,1958,21780,1,0,1,54,0
780000,2012,655,199,4,3,2912,1966,21780,1,0,1,46,0
264000,1997,758,231,4,3,2922,1986,27878,1,0,0,11,0
360000,1995,606,185,4,3,2926,1970,81892,1,0,0,25,0
269900,2013,330,93,4,3,2932,1976,115434,1,0,1,37,0
475000,2009,737,245,4,3,2938,1939,8416,1,0,0,70,0
540000,2001,677,234,4,3,2940,1958,11761,1,0,0,43,0
374950,2002,445,159,4,3,2944,1993,141134,1,0,0,9,0
270000,2014,370,105,4,3,2950,1970,84942,1,0,0,44,0
399000,2012,601,118,4,3,2960,1999,26136,1,0,1,13,0
381000,2009,386,109,4,3,2978,1981,96703,1,0,0,28,0
589900,1996,901,274,4,3,2995,1984,17424,1,0,0,12,0
598000,2006,863,299,4,3,3000,1949,8250,0,0,0,57,0
722000,2006,610,186,4,3,3000,1964,13503,1,0,0,42,0
580000,2005,508,154,4,3,3005,1989,5013,1,0,0,16,0
308515,1993,610,186,4,3,3005,1993,12196,1,0,0,0,0
700000,2004,713,217,4,3,3017,1976,22651,1,0,0,28,0
352000,1996,687,209,4,3,3020,1972,41817,1,0,0,24,0
532000,2005,558,193,4,3,3022,1935,5000,0,0,0,70,0
525000,2015,655,199,4,3,3025,1966,10815,1,0,0,49,0
510000,2009,573,174,4,3,3030,1973,10507,1,0,0,36,0
645000,2008,643,196,4,3,3032,1972,20473,1,0,0,36,0
365000,2015,471,143,4,3,3036,1987,9596,1,0,0,28,0
579000,2011,508,155,4,3,3052,1968,18295,1,0,1,43,0
430000,2012,513,124,4,3,3060,1954,10018,0,0,1,58,0
300000,1999,573,174,4,3,3061,1974,15245,1,0,0,25,0
665000,2006,552,142,4,3,3068,1993,8712,1,0,0,13,0
218250,1998,398,113,4,3,3082,1998,9400,1,0,0,0,0
650000,2006,564,172,4,3,3117,1979,8001,1,0,0,27,0
291000,2011,348,98,4,3,3137,1974,20473,1,0,1,37,0
409900,2002,555,143,4,3,3139,1984,10018,1,0,0,18,0
472000,2003,573,174,4,3,3142,1996,11761,1,0,0,7,0
267000,1997,491,149,4,3,3146,1988,8498,1,0,0,9,0
710000,2004,561,171,4,3,3148,2004,5135,1,0,0,0,0
675000,2008,573,174,4,3,3150,2003,3998,1,0,0,5,0
257000,1993,505,154,4,3,3181,1987,8794,1,0,0,6,0
510000,2013,630,162,4,3,3190,1967,49658,1,0,1,46,0
585000,2004,644,223,4,3,3200,1952,11761,1,0,0,52,0
790000,2011,603,209,4,3,3208,2002,4774,1,0,1,9,0
399600,2005,363,103,4,3,3214,2005,6534,1,0,0,0,0
495000,2012,528,161,4,3,3234,1987,7287,1,0,1,25,0
626774,2005,456,129,4,3,3237,2005,16552,1,0,0,0,0
460000,2004,491,149,4,3,3252,1987,10890,1,0,0,17,0
340572,1993,622,189,4,3,3256,1993,8119,1,0,0,0,0
206000,1997,370,104,4,3,3268,1987,15681,1,0,0,10,0
755005,2005,523,159,4,3,3272,1990,3354,1,0,0,15,1
289900,1999,601,154,4,3,3274,1991,13939,1,0,0,8,0
461825,2004,532,162,4,3,3280,1974,10789,1,0,0,30,0
540000,1994,737,224,4,3,3291,1978,87120,1,0,0,16,0
765000,2006,634,193,4,3,3308,1978,32234,1,0,0,28,0
394000,2013,441,107,4,3,3318,1995,12196,1,0,1,18,0
326500,1996,635,193,4,3,3340,1996,15245,1,0,0,0,0
280000,2001,472,114,4,3,3346,1994,9644,1,0,0,7,0
725000,2008,725,221,4,3,3379,1988,9570,1,0,0,20,0
760000,2009,655,199,4,3,3421,2000,10868,1,0,0,9,0
699000,2003,699,232,4,3,3433,1992,5308,1,0,0,11,0
570000,2014,596,153,4,3,3435,1992,15245,1,0,0,22,0
370000,2013,356,101,4,3,3437,2003,3537,1,0,1,10,0
785000,2005,733,223,4,3,3440,1941,7801,1,0,0,64,0
382000,1995,653,217,4,3,3440,1976,14810,1,0,0,19,0
485000,2003,573,174,4,3,3453,1986,9609,1,0,0,17,0
430000,2009,491,149,4,3,3456,2004,3484,1,0,0,5,0
574000,2004,532,162,4,3,3465,1983,10598,1,0,0,21,0
317340,2000,553,168,4,3,3466,2000,12632,1,0,0,0,0
386000,2004,320,114,4,3,3478,1988,38768,1,0,0,16,0
300000,1993,1015,337,4,3,3480,1940,10890,1,0,0,53,0
215000,1999,370,105,4,3,3500,1981,20908,1,0,0,18,0
576145,2005,528,161,4,3,3504,2004,4199,1,0,0,1,0
483820,2013,562,144,4,3,3513,1997,7840,1,0,1,16,0
619000,2006,521,134,4,3,3518,1999,7840,1,0,0,7,0
288000,1999,542,139,4,3,3520,1993,8712,1,0,0,6,0
582499,2011,573,174,4,3,3528,1996,6006,1,0,1,15,0
490000,1997,971,337,4,3,3547,1941,8717,1,0,0,56,0
589000,2005,374,106,4,3,3555,2001,9313,1,0,0,4,0
729900,2005,606,184,4,3,3558,2001,7771,1,0,0,4,0
367925,2009,431,122,4,3,3575,2009,10454,1,0,0,0,0
540000,2012,548,167,4,3,3600,1975,16117,1,0,1,37,0
679000,2015,573,174,4,3,3631,1990,6490,1,0,0,25,0
339900,2003,374,106,4,3,3647,2001,7540,1,0,0,2,0
247437,2000,485,125,4,3,3664,2000,12196,1,0,0,0,0
364510,2010,372,105,4,3,3667,2009,4377,1,0,1,1,1
560000,2008,565,145,4,3,3676,1984,10018,1,0,0,24,0
389990,2009,383,108,4,3,3692,2009,7901,1,0,0,0,0
340000,2011,374,106,4,3,3698,2006,4438,1,0,1,5,1
525000,2003,563,159,4,3,3700,2001,143748,1,0,0,2,0
434990,2007,455,117,4,3,3700,2007,7405,1,0,0,0,0
428000,2002,532,162,4,3,3757,1994,5321,1,0,0,8,0
270585,1999,548,141,4,3,3798,1999,8276,1,0,0,0,0
650000,2005,494,127,4,3,3799,1998,23522,1,0,0,7,0
210000,1996,491,150,4,3,3813,1977,12196,1,0,0,19,0
382000,2010,462,131,4,3,3855,2003,7052,1,0,1,7,0
800000,2011,672,204,4,3,3857,1955,14374,1,0,1,56,0
427747,2013,383,108,4,3,3862,1998,10890,1,0,1,15,0
400000,1998,1061,323,4,3,3867,1964,21780,1,0,0,34,0
615000,2008,737,224,4,3,3905,1978,23086,1,0,0,30,0
550000,2006,815,237,4,3,3914,1958,15245,1,0,0,48,0
640000,2005,581,149,4,3,3939,1981,28749,1,0,0,24,0
615000,2010,614,187,4,3,3961,2003,8848,1,0,1,7,0
549500,2003,626,191,4,3,4000,1976,16552,1,0,0,27,0
587859,2000,979,298,4,3,4000,2000,8341,1,0,0,0,0
560000,2011,630,162,4,3,4033,1998,10454,1,0,1,13,0
432000,1995,983,299,4,3,4050,1995,6250,1,0,0,0,0
799223,2001,961,319,4,3,4114,2001,9745,1,0,0,0,0
289000,1996,598,182,4,3,4128,1996,13068,1,0,0,0,0
421965,2002,582,150,4,3,4128,2002,9583,1,0,0,0,0
416200,1994,817,249,4,3,4140,1972,12196,1,0,0,22,0
611400,2015,512,156,4,3,4141,1995,14810,1,0,0,20,0
704165,2005,492,139,4,3,4173,2005,9539,1,0,0,0,0
336500,2000,549,167,4,3,4181,1989,13068,1,0,0,11,0
649069,2005,625,161,4,3,4186,2005,8276,1,0,0,0,0
488512,1993,769,234,4,3,4245,1993,36154,1,0,0,0,0
296790,1997,630,162,4,3,4287,1996,10018,1,0,0,1,0
362500,2001,519,147,4,3,4293,1987,153331,1,0,0,14,0
292605,2001,436,123,4,3,4300,2000,10484,1,0,0,1,0
461000,2003,616,158,4,3,4301,2004,9583,1,0,0,-1,0
412250,2015,414,117,4,3,4304,2002,6851,1,0,0,13,0
800000,2005,1053,321,4,3,4310,1967,20037,1,0,0,38,0
560000,2013,462,131,4,3,4341,1984,57063,1,0,1,29,0
390000,1999,737,224,4,3,4355,1987,20037,1,0,0,12,0
558000,1993,1008,350,4,3,4376,1932,15245,1,0,0,61,0
719740,2005,545,166,4,3,4377,1988,9678,1,0,0,17,0
411430,2000,703,181,4,3,4412,2000,10454,1,0,0,0,0
330000,2001,484,137,4,3,4420,2001,50529,1,0,0,0,0
439000,2009,440,124,4,3,4501,2006,7840,1,0,0,3,0
303000,1998,510,144,4,3,4544,1998,47916,1,0,0,0,0
310000,2009,431,122,4,3,4544,1999,11761,1,0,0,10,0
390000,2014,975,297,4,3,4600,1962,13068,1,0,0,52,0
375050,1996,635,193,4,3,4662,1987,13939,1,0,0,9,0
569990,2011,616,174,4,3,4679,2011,21780,1,0,1,0,0
480729,2004,506,143,4,3,4774,2004,12632,1,0,0,0,0
305000,1996,679,175,4,3,4839,1990,16988,1,0,0,6,0
450845,2003,492,139,4,3,4924,2003,10881,1,0,0,0,0
719000,2006,693,178,4,3,4993,2006,8276,1,0,0,0,0
635000,2012,713,183,4,3,5032,2007,8276,1,0,1,5,0
372500,1994,807,246,4,3,5070,1973,343252,1,0,0,21,0
425000,2002,483,137,4,3,5122,2002,12632,1,0,0,0,0
701101,2013,721,219,4,3,5535,2003,11325,1,0,1,10,0
488230,1997,922,281,4,3,6346,1997,11761,1,0,0,0,0
435000,2007,315,109,4,4,1428,1971,1785,1,0,0,36,1
230000,2000,368,112,4,4,1582,1991,1793,1,0,0,9,1
420000,2003,532,162,4,4,1838,1983,7148,1,0,0,20,0
620000,2007,553,168,4,4,1968,1979,217800,1,0,0,28,0
220000,2005,250,71,4,4,2040,1983,2570,1,0,0,22,1
724000,2003,661,219,4,4,2072,1900,2435,1,0,0,103,0
379000,2004,397,121,4,4,2105,1985,2300,1,0,0,19,1
746559,2009,721,219,4,4,2126,2009,1856,1,0,0,0,1
570000,2009,561,171,4,4,2148,1978,2334,1,0,0,31,1
409000,2011,422,128,4,4,2157,1992,2545,1,0,1,19,1
575000,2012,475,144,4,4,2300,1980,8025,1,0,1,32,0
585000,2009,561,171,4,4,2321,1986,11325,1,0,0,23,0
530000,2013,463,141,4,4,2408,1965,12196,1,0,1,48,0
495000,2008,463,141,4,4,2448,2002,2443,1,0,0,6,0
560000,2006,446,115,4,4,2548,2004,3485,1,0,0,2,0
415000,2008,387,109,4,4,2649,2007,13068,1,0,0,1,0
594000,2003,696,212,4,4,2861,1960,31363,1,0,0,43,0
404755,2001,590,179,4,4,2900,2001,8633,1,0,0,0,0
365000,1998,733,223,4,4,3155,1966,20037,1,0,0,32,0
438111,2003,567,146,4,4,3188,2003,6098,1,0,0,0,0
334000,1998,532,162,4,4,3272,1988,9140,1,0,0,10,0
761500,2009,654,217,4,4,3280,1938,7309,1,0,0,71,0
394000,2012,484,137,4,4,3298,2005,9108,1,0,1,7,0
675000,2009,671,204,4,4,3315,2004,4347,1,0,0,5,0
240800,1995,591,152,4,4,3329,1994,13068,1,0,0,1,0
307000,2002,451,109,4,4,3390,2001,5201,1,0,0,1,0
522802,2004,616,158,4,4,3535,2004,10018,1,0,0,0,0
545500,2002,1135,346,4,4,3605,1950,33541,1,0,0,52,0
465000,2010,616,158,4,4,3691,2010,8712,1,0,1,0,0
385000,2010,423,119,4,4,3737,2006,12632,1,0,1,4,0
442930,1997,860,262,4,4,3742,1997,9040,1,0,0,0,0
550000,2004,811,247,4,4,3750,1962,13503,1,0,0,42,0
407000,2013,770,234,4,4,3810,1954,21780,1,0,1,59,0
372400,1996,799,243,4,4,3835,1980,32670,1,0,0,16,0
678000,2013,573,174,4,4,3868,1978,11761,1,0,1,35,0
404816,2010,423,119,4,4,3902,2010,10232,1,0,1,0,0
255000,1997,580,149,4,4,4001,1994,10890,1,0,0,3,0
795000,2007,676,206,4,4,4016,2006,9870,1,0,0,1,0
585000,2008,489,138,4,4,4017,2007,5793,1,0,0,1,0
450000,2013,458,129,4,4,4048,2002,6098,1,0,1,11,0
740000,2013,664,202,4,4,4050,2010,5501,1,0,1,3,0
705000,2015,708,182,4,4,4072,2000,8276,1,0,0,15,0
299900,2000,600,154,4,4,4077,1998,6969,1,0,0,2,0
356400,2002,467,132,4,4,4165,2002,10044,1,0,0,0,0
499977,2009,462,131,4,4,4216,2009,10454,1,0,0,0,0
650000,2007,556,169,4,4,4273,1990,13068,1,0,0,17,0
636005,2002,717,218,4,4,4305,2002,9679,1,0,0,0,0
417925,1999,631,219,4,4,4398,1999,5858,1,0,0,0,0
310000,1997,614,187,4,4,4414,1988,13068,1,0,0,9,0
343912,1999,475,134,4,4,4418,1999,8642,1,0,0,0,0
689900,2005,541,165,4,4,4454,1988,8367,1,0,0,17,0
540000,2002,901,275,4,4,4472,1962,15245,1,0,0,40,0
579480,2005,438,124,4,4,4484,2005,27442,1,0,0,0,0
690000,2002,974,297,4,4,4512,1994,10357,1,0,0,8,0
507500,1998,901,275,4,4,4515,1995,20037,1,0,0,3,0
397995,2002,519,147,4,4,4613,2002,11325,1,0,0,0,0
575000,2002,672,204,4,4,4630,1981,25264,1,0,0,21,0
395000,2014,1188,362,4,4,4674,2015,9100,1,0,0,-1,0
443105,2001,654,168,4,4,4722,2001,9147,1,0,0,0,0
600000,2013,557,169,4,4,4729,2004,5135,1,0,1,9,0
420000,2008,466,132,4,4,4729,2005,8555,1,0,0,3,0
461155,2009,483,137,4,4,4781,2009,12632,1,0,0,0,0
690000,2013,555,157,4,4,4815,2010,10890,1,0,1,3,0
525000,2001,682,208,4,4,4868,1989,13939,1,0,0,12,0
713250,2005,654,168,4,4,4910,2005,8276,1,0,0,0,0
470000,2004,483,137,4,4,4975,2003,8193,1,0,0,1,0
710000,2008,737,190,4,4,5117,1999,11761,1,0,0,9,0
757000,2012,751,193,4,4,5141,2004,8712,1,0,1,8,0
540000,2000,643,196,4,4,5172,2000,9571,1,0,0,0,0
479220,1996,892,272,4,4,5241,1996,31798,1,0,0,0,0
702325,2005,679,174,4,4,5243,2005,19602,1,0,0,0,0
570000,2010,660,187,4,4,5471,2010,95396,1,0,1,0,0
290000,1994,655,199,4,4,5740,1990,18730,1,0,0,4,0
300000,2000,1799,548,4,4,5800,2002,22215,1,0,0,-2,0
575000,1998,1015,309,4,4,5920,1998,27442,1,0,0,0,0
561875,2002,612,173,4,4,5924,2002,30056,1,0,0,0,0
555000,2009,776,200,4,4,5941,2004,10890,1,0,0,5,0
730000,2003,804,207,4,4,6022,2003,9583,1,0,0,0,0
728585,2004,731,207,4,4,6050,2004,110206,1,0,0,0,0
640000,2013,638,181,4,4,6078,2013,10454,1,0,1,0,0
750000,2008,713,202,4,4,7677,2004,62726,1,0,0,4,0
630000,2004,540,164,4,5,2720,1980,40510,1,0,0,24,0
423000,2010,446,114,4,5,2875,2002,3049,1,0,1,8,1
511275,2007,467,132,4,5,3325,2007,11325,1,0,0,0,0
680000,2015,819,249,4,5,3814,2005,15245,1,0,0,10,0
320890,2001,489,138,4,5,4199,2001,6050,1,0,0,0,0
740000,2015,784,202,4,5,4687,1964,50529,1,0,0,51,0
775000,2007,678,192,4,5,6220,2006,435600,1,0,0,1,0
256500,1995,462,131,4,6,2696,1988,18295,1,0,0,7,0
540000,2005,868,264,4,6,4418,2007,11325,1,0,0,-2,0
674691,2002,749,212,4,6,7000,2002,22215,1,0,0,0,0
200000,2016,250,76,5,1,1008,1950,7444,1,0,0,66,0
535000,2006,467,142,5,1,1256,1960,11761,1,0,0,46,0
570000,2003,729,212,5,1,2600,1953,12196,1,0,0,50,0
385545,1998,737,224,5,1,2800,1970,8573,1,0,0,28,0
750000,2003,737,224,5,1,3084,1974,217800,1,0,0,29,0
525000,1996,1332,462,5,1,6088,1929,22215,1,0,0,67,0
309000,2002,368,112,5,2,1008,1959,8637,1,0,0,43,0
400250,2003,504,153,5,2,1244,1963,12196,1,0,0,40,0
207000,1999,425,129,5,2,1850,1968,11325,1,0,0,31,0
239000,1998,815,248,5,2,1965,1939,22651,1,0,0,59,0
245000,2009,389,118,5,2,1976,1955,10428,1,0,0,54,0
280000,2009,348,106,5,2,2000,1961,10607,1,0,0,48,0
261105,1999,606,184,5,2,2082,1964,10733,1,0,0,35,0
395000,2009,491,149,5,2,2120,1960,22215,1,0,0,49,0
467500,2012,450,137,5,2,2240,1970,11325,1,0,1,42,0
309000,1996,601,199,5,2,2264,1940,5749,1,0,0,56,0
370000,2013,446,136,5,2,2326,1956,9525,1,0,1,57,0
230000,1998,508,154,5,2,2400,1962,12632,1,0,0,36,0
223000,1997,504,153,5,2,2644,1966,12196,1,0,0,31,0
792000,2015,654,199,5,2,2854,1959,16988,1,0,0,56,0
269900,2000,430,131,5,2,2868,1988,8703,1,0,0,12,0
529000,2011,483,147,5,2,3134,1979,27442,1,0,1,32,0
490000,2004,545,166,5,2,3312,1983,12196,1,0,0,21,0
258790,1993,600,154,5,2,3821,1993,9582,1,0,0,0,0
430000,2007,393,120,5,3,1209,1969,13503,1,0,0,38,0
469500,2005,359,109,5,3,1242,1983,8398,1,0,0,22,0
477500,2010,575,199,5,3,1365,1950,7422,1,0,1,60,0
509000,2009,483,147,5,3,1388,1967,13068,1,0,0,42,0
410000,2015,569,173,5,3,1506,1950,6250,1,0,0,65,0
500000,2004,450,137,5,3,1506,1963,20037,1,0,0,41,0
300000,2013,299,85,5,3,1512,1971,10010,0,0,1,42,0
515000,2015,508,154,5,3,1568,1954,16117,1,0,0,61,0
295000,1996,655,199,5,3,1601,1965,40510,1,0,0,31,0
305000,2010,358,92,5,3,1718,1973,8712,1,0,1,37,0
450000,2004,487,148,5,3,1764,1977,10245,1,0,0,27,0
200000,2010,410,99,5,3,1792,1978,10275,1,0,1,32,0
450000,2007,385,117,5,3,1798,1970,1827,1,0,0,37,1
272000,2008,363,103,5,3,1800,2001,6229,1,0,0,7,0
231840,2011,512,156,5,3,1877,1955,14810,1,0,1,56,0
235000,1996,487,148,5,3,1908,1966,21780,1,0,0,30,0
450000,2008,520,158,5,3,1948,1971,12632,1,0,0,37,0
482000,2004,422,128,5,3,1966,1963,11761,1,0,0,41,0
494000,2004,430,131,5,3,2048,1975,8420,1,0,0,29,0
445000,2015,391,119,5,3,2089,1964,15681,1,0,0,51,0
440000,2016,532,162,5,3,2134,1992,6346,1,0,0,24,0
257000,2012,515,157,5,3,2144,1944,7692,1,0,1,68,0
279000,1999,489,149,5,3,2249,1979,10815,1,0,0,20,0
558500,2003,733,223,5,3,2268,1972,17424,1,0,0,31,0
265000,2010,416,107,5,3,2275,1968,11325,1,0,1,42,0
543000,2003,655,200,5,3,2282,1976,28749,1,0,0,27,0
799000,2011,696,212,5,3,2282,1978,21780,1,0,1,33,0
717900,2005,557,169,5,3,2334,1988,14374,1,0,0,17,0
368095,2013,396,112,5,3,2346,2000,7901,1,0,1,13,0
332815,2004,334,94,5,3,2347,2004,3189,1,0,0,0,0
388000,2010,450,137,5,3,2464,1957,10890,1,0,1,53,0
778500,2005,532,162,5,3,2530,1986,8955,1,0,0,19,0
275000,1993,644,196,5,3,2637,1968,15681,1,0,0,25,0
450000,2006,378,107,5,3,2640,2006,7405,1,0,0,0,0
336500,1994,762,232,5,3,2700,1980,13503,1,0,0,14,0
665000,2004,635,193,5,3,2704,1980,10890,1,0,0,24,0
300000,2000,491,149,5,3,2792,2000,4713,1,0,0,0,0
578000,2011,655,199,5,3,2810,1967,40075,1,0,1,44,0
430965,2001,581,177,5,3,2835,2001,11325,1,0,0,0,0
349900,1995,629,218,5,3,2868,1988,53578,1,0,0,7,0
279000,1997,598,182,5,3,2876,1974,20037,1,0,0,23,0
701900,2013,631,192,5,3,2913,1966,21344,1,0,1,47,0
628000,2005,532,162,5,3,2920,1978,12196,1,0,0,27,0
440000,2008,504,130,5,3,2944,1986,11325,1,0,0,22,0
410000,2002,676,206,5,3,2961,1962,12632,1,0,0,40,0
224950,2000,506,100,5,3,2990,1997,8886,1,0,0,3,0
524900,2009,489,149,5,3,3022,1973,9557,1,0,0,36,0
486460,2009,450,137,5,3,3060,1962,29185,1,0,0,47,0
315000,1999,600,183,5,3,3064,1996,9848,1,0,0,3,0
257000,1995,626,191,5,3,3100,1970,21780,1,0,0,25,0
225000,1999,446,136,5,3,3110,1999,9949,1,0,0,0,0
275000,2014,396,112,5,3,3120,1975,47916,1,0,0,39,0
387000,2003,533,137,5,3,3132,2001,6098,1,0,0,2,0
724900,2014,614,187,5,3,3136,1963,14810,1,0,0,51,0
349000,2009,525,103,5,3,3158,2001,8450,1,0,0,8,0
520510,2003,495,140,5,3,3247,2003,11325,1,0,0,0,0
525000,2005,378,107,5,3,3300,1998,7496,1,0,0,7,0
793260,2012,696,212,5,3,3314,1962,13503,1,0,1,50,0
465000,2009,572,147,5,3,3337,1997,6098,1,0,0,12,0
591000,2008,688,209,5,3,3348,1987,15681,1,0,0,21,0
265000,1999,463,141,5,3,3351,1993,6111,1,0,0,6,0
517000,2006,439,124,5,3,3379,1975,76665,1,0,0,31,0
345000,2011,419,118,5,3,3384,2005,58370,1,0,1,6,0
418000,2014,718,249,5,3,3400,1948,5783,1,0,0,66,0
238000,1996,758,231,5,3,3400,1970,16988,1,0,0,26,0
614000,2007,504,153,5,3,3400,1991,8520,1,0,0,16,0
750000,2014,717,218,5,3,3417,1957,26571,1,0,0,57,0
710000,2010,724,221,5,3,3421,1969,37897,1,0,1,41,0
480000,2009,668,172,5,3,3434,2005,6970,1,0,0,4,0
410000,2002,598,182,5,3,3456,1999,8398,1,0,0,3,0
335000,2008,390,110,5,3,3544,2002,6638,1,0,0,6,0
350165,1999,680,207,5,3,3595,1999,5519,1,0,0,0,0
412500,2015,396,112,5,3,3600,2009,43560,1,0,0,6,0
600000,2003,568,161,5,3,3602,1996,47480,1,0,0,7,0
626000,2015,601,155,5,3,3602,1997,5662,1,0,0,18,0
568000,2003,676,206,5,3,3645,1978,26571,1,0,0,25,0
575000,2002,614,187,5,3,3668,1976,24829,1,0,0,26,0
485000,2007,408,115,5,3,3699,2001,10641,1,0,0,6,0
331605,2002,365,103,5,3,3726,2002,5122,1,0,0,0,0
575000,2014,598,182,5,3,3738,2000,21780,1,0,0,14,0
215351,1994,461,112,5,3,3774,1994,12196,1,0,0,0,0
542199,2004,484,137,5,3,3778,2004,15681,1,0,0,0,0
267579,2000,431,122,5,3,3790,2000,9239,1,0,0,0,0
290000,1997,577,148,5,3,3792,1996,6969,1,0,0,1,0
379862,2003,400,113,5,3,3796,2003,6098,1,0,0,0,0
620000,2010,671,204,5,3,3810,1954,12632,1,0,1,56,0
408900,2008,440,125,5,3,3838,2006,10153,1,0,0,2,0
293159,1996,581,149,5,3,3882,1996,8712,1,0,0,0,0
225000,1996,453,128,5,3,3890,1983,20037,1,0,0,13,0
700000,2005,572,162,5,3,3898,1987,20908,1,0,0,18,0
302839,1996,646,197,5,3,3902,1996,10166,1,0,0,0,0
265000,1998,639,164,5,3,3939,1997,9147,1,0,0,1,0
640000,2013,645,166,5,3,3944,1999,12632,1,0,1,14,0
395000,1998,1004,306,5,3,4000,1984,10502,1,0,0,14,0
291754,2000,553,142,5,3,4000,2000,11761,1,0,0,0,0
585000,2004,654,199,5,3,4005,1982,10890,1,0,0,22,0
790000,2015,654,199,5,3,4047,1986,30927,1,0,0,29,0
392500,2001,815,248,5,3,4081,1960,22215,1,0,0,41,0
642500,2007,601,155,5,3,4082,1996,7405,1,0,0,11,0
670000,2007,561,171,5,3,4092,1989,13068,1,0,0,18,0
650000,2009,697,179,5,3,4100,1995,7840,1,0,0,14,0
326795,1994,713,217,5,3,4167,1994,17424,1,0,0,0,0
427585,2009,413,117,5,3,4223,2009,10319,1,0,0,0,0
543657,2010,654,168,5,3,4293,2010,6969,1,0,1,0,0
612080,2008,549,167,5,3,4300,1987,14810,1,0,0,21,0
588703,2004,489,138,5,3,4301,2004,43995,1,0,0,0,0
373500,2011,427,121,5,3,4350,1993,10001,1,0,1,18,0
571600,2000,1049,320,5,3,4368,1998,231303,1,0,0,2,0
590000,2012,598,154,5,3,4399,1998,8712,1,0,1,14,0
714000,2012,630,192,5,3,4461,1969,16988,1,0,1,43,0
524048,2010,582,150,5,3,4466,2006,7405,1,0,1,4,0
560000,2006,481,117,5,3,4485,1989,16117,1,0,0,17,0
242940,1994,606,156,5,3,4489,1994,12196,1,0,0,0,0
443000,2008,453,128,5,3,4490,2008,6168,1,0,0,0,0
500000,2009,484,137,5,3,4516,2002,11325,1,0,0,7,0
800000,2003,1090,362,5,3,4518,1979,10328,1,0,0,24,0
730000,2006,659,201,5,3,4581,1988,13939,1,0,0,18,0
280000,1997,489,138,5,3,4602,1997,44431,1,0,0,0,0
715000,2004,650,167,5,3,4603,2001,8276,1,0,0,3,0
715000,2009,655,199,5,3,4630,1970,15245,1,0,0,39,0
550000,2005,1200,349,5,3,4681,2006,11761,1,0,0,-1,0
650000,2013,594,168,5,3,4684,1994,82328,1,0,1,19,0
290875,1999,582,149,5,3,4686,1999,6969,1,0,0,0,0
549000,2009,679,174,5,3,4739,1997,23958,1,0,0,12,0
780000,2012,637,194,5,3,4771,1987,15245,1,0,1,25,0
480496,2011,533,137,5,3,4873,2011,16988,1,0,1,0,0
429625,2003,492,139,5,3,4884,2003,13939,1,0,0,0,0
460000,2000,572,162,5,3,4900,1989,46173,1,0,0,11,0
378500,1996,729,222,5,3,4900,1996,26136,1,0,0,0,0
399126,2011,502,142,5,3,4908,2000,13939,1,0,1,11,0
565962,2013,467,132,5,3,4910,2013,17859,1,0,1,0,0
370000,1999,643,196,5,3,4954,1998,9008,1,0,0,1,0
615000,2003,736,224,5,3,5018,1991,9583,1,0,0,12,0
484395,2005,528,149,5,3,5050,2005,10637,1,0,0,0,0
700000,2006,559,158,5,3,5300,1997,20037,1,0,0,9,0
786175,2004,635,193,5,3,5493,2004,10798,1,0,0,0,0
550000,1998,897,231,5,3,7216,1994,141134,1,0,0,4,0
355000,2000,1210,420,5,4,1544,1951,8224,1,0,0,49,0
700000,2015,1416,412,5,4,1847,1905,10001,1,0,0,110,0
630000,2010,614,187,5,4,1915,1961,10820,1,0,1,49,0
405600,2007,339,96,5,4,1916,2000,3707,1,0,0,7,0
720000,2015,623,189,5,4,2114,1954,15245,1,0,0,61,0
597100,2014,541,165,5,4,2162,1979,10128,1,0,0,35,0
367000,2015,285,81,5,4,2302,2002,5846,1,0,0,13,0
480000,2012,564,172,5,4,2379,1981,24829,1,0,1,31,0
635000,2014,564,172,5,4,2700,1942,5624,1,0,0,72,0
590000,2012,564,172,5,4,2743,1948,23958,1,0,1,64,0
385000,2011,386,109,5,4,2821,2006,10101,1,0,1,5,0
499000,2001,936,325,5,4,3000,1924,9796,1,0,0,77,0
660000,2000,1061,323,5,4,3044,1984,20037,1,0,0,16,0
703000,2013,639,194,5,4,3046,1964,20037,1,0,1,49,0
265000,1997,524,159,5,4,3060,1981,12632,1,0,0,16,0
465000,2004,608,119,5,4,3060,2000,8886,1,0,0,4,0
782000,2004,786,239,5,4,3144,1997,28314,1,0,0,7,0
630765,2006,383,108,5,4,3172,2005,10890,1,0,0,1,0
620375,2006,396,112,5,4,3185,2005,4721,1,0,0,1,0
292000,1996,594,181,5,4,3244,1959,33105,1,0,0,37,0
550000,2008,548,167,5,4,3250,2006,4181,1,0,0,2,0
550000,2009,532,162,5,4,3256,2009,4791,1,0,0,0,0
700000,2006,696,212,5,4,3320,1954,10826,1,0,0,52,0
498900,2010,729,222,5,4,3366,1936,23522,1,0,1,74,0
502000,1995,1053,321,5,4,3380,1979,23958,1,0,0,16,0
653888,2005,1228,374,5,4,3500,1958,10890,1,0,0,47,0
680000,2011,655,199,5,4,3525,1976,41817,1,0,1,35,0
525000,2010,495,151,5,4,3560,2009,6664,1,0,1,1,0
655000,2015,1007,349,5,4,3587,1938,5754,1,0,0,77,0
715000,2009,646,197,5,4,3705,1999,6973,1,0,0,10,0
335450,1998,659,201,5,4,3732,1998,6642,1,0,0,0,0
639900,2013,516,157,5,4,3766,1989,14374,1,0,1,24,0
789000,2015,809,208,5,4,3809,1995,8276,1,0,0,20,0
300000,2012,614,187,5,4,3959,1974,12196,1,0,1,38,0
602504,2014,550,156,5,4,3965,2014,7954,1,0,0,0,0
401403,2002,582,149,5,4,3967,2002,8276,1,0,0,0,0
770000,2005,711,217,5,4,3984,2004,18295,1,0,0,1,0
360000,2011,409,116,5,4,3992,2005,10454,1,0,1,6,0
468309,2011,533,137,5,4,4026,2011,27442,1,0,1,0,0
483140,2004,615,158,5,4,4057,2004,13503,1,0,0,0,0
495000,1996,860,262,5,4,4129,1979,87120,1,0,0,17,0
615000,2004,646,197,5,4,4153,2001,8071,1,0,0,3,0
350300,2001,502,142,5,4,4194,2000,19166,1,0,0,1,0
497415,2002,598,182,5,4,4211,2002,8524,1,0,0,0,0
475000,1993,1057,322,5,4,4214,1970,87120,1,0,0,23,0
433000,2012,433,155,5,4,4235,2000,58370,1,0,1,12,0
399000,1997,696,212,5,4,4240,1992,10632,1,0,0,5,0
350000,2003,739,225,5,4,4252,2010,22215,1,0,0,-7,0
404000,2011,665,131,5,4,4254,1994,11761,1,0,1,17,0
400000,2012,501,142,5,4,4351,1997,26571,1,0,1,15,0
681000,2015,679,174,5,4,4362,2000,13068,1,0,0,15,0
433680,2013,500,122,5,4,4389,2012,8925,1,0,1,1,0
270774,2000,671,132,5,4,4394,2000,12632,1,0,0,0,0
280000,1998,676,206,5,4,4400,1977,26571,1,0,0,21,0
680000,2015,1065,324,5,4,4424,1968,40075,1,0,0,47,0
550000,1998,983,300,5,4,4440,1963,54885,1,0,0,35,0
528000,2011,483,137,5,4,4444,2011,10890,1,0,1,0,0
492200,2008,431,122,5,4,4448,2005,10018,1,0,0,3,0
421770,1999,737,224,5,4,4520,1999,5544,1,0,0,0,0
749990,2012,721,219,5,4,4563,2011,9456,1,0,1,1,0
670000,2003,819,249,5,4,4607,1998,8376,1,0,0,5,0
463003,2000,713,217,5,4,4659,2000,36154,1,0,0,0,0
617000,2012,646,197,5,4,4672,1988,20037,1,0,1,24,0
550000,2005,860,262,5,4,4693,2006,16988,1,0,0,-1,0
352790,1995,672,205,5,4,4700,1995,7649,1,0,0,0,0
329000,1999,614,187,5,4,4720,1988,10890,1,0,0,11,0
689900,2007,590,180,5,4,4729,2004,5131,1,0,0,3,0
471200,2014,484,137,5,4,4786,2004,10027,1,0,0,10,0
675000,2005,899,312,5,4,4792,1927,7335,1,0,0,78,0
714000,2006,675,174,5,4,4792,1999,10454,1,0,0,7,0
692914,2013,655,199,5,4,4872,2002,8433,1,0,1,11,0
575000,2009,675,206,5,4,4902,2006,20908,1,0,0,3,0
490746,2002,506,143,5,4,4944,2002,43560,1,0,0,0,0
690550,2000,979,298,5,4,5000,1987,30056,1,0,0,13,0
400000,2012,1217,371,5,4,5003,2013,21344,1,0,1,-1,0
639283,2006,480,136,5,4,5018,2006,7514,1,0,0,0,0
500369,1995,914,278,5,4,5024,1995,27442,1,0,0,0,0
708000,2015,1223,424,5,4,5035,1951,16552,1,0,0,64,0
526104,2002,598,169,5,4,5061,2002,83635,1,0,0,0,0
508000,2011,582,149,5,4,5077,2011,16552,1,0,1,0,0
644900,2004,668,172,5,4,5107,2000,13939,1,0,0,4,0
735000,2006,669,172,5,4,5142,1997,8712,1,0,0,9,0
745000,2013,678,192,5,4,5149,2001,435600,1,0,1,12,0
670542,2013,608,172,5,4,5244,2013,7705,1,0,1,0,0
575000,2011,644,166,5,4,5249,1999,8276,1,0,1,12,0
751677,1999,1024,312,5,4,5260,1999,37026,1,0,0,0,0
640000,2013,1220,423,5,4,5300,1953,7975,1,0,1,60,0
427950,1996,758,231,5,4,5354,1996,11761,1,0,0,0,0
692353,2002,881,268,5,4,5365,2002,37897,1,0,0,0,0
655600,2012,1049,319,5,4,5370,1988,41817,1,0,1,24,0
750000,2008,819,249,5,4,5480,1998,10502,1,0,0,10,0
570000,2011,1147,349,5,4,5480,2012,11325,1,0,1,-1,0
444788,1996,892,272,5,4,5600,1994,33541,1,0,0,2,0
365000,2007,799,243,5,4,5654,2015,10175,1,0,0,-8,0
649415,2012,766,197,5,4,5708,2011,18295,1,0,1,1,0
438000,1998,769,234,5,4,5742,1998,36154,1,0,0,0,0
650000,2004,727,187,5,4,5809,2002,30056,1,0,0,2,0
575000,2010,668,189,5,4,5933,2003,436035,1,0,1,7,0
709233,2007,771,198,5,4,5950,2007,15245,1,0,0,0,0
760825,2005,920,237,5,4,5956,2004,24393,1,0,0,1,0
507175,2001,742,191,5,4,6000,2000,14810,1,0,0,1,0
751000,2015,1292,448,5,4,6025,1951,10024,1,0,0,64,0
690000,1996,1310,399,5,4,6096,1995,217800,1,0,0,1,0
649900,2003,881,268,5,4,6127,1995,126324,1,0,0,8,0
750000,2012,704,199,5,4,6243,2006,435600,1,0,1,6,0
785000,2014,1433,437,5,4,6464,2014,13939,1,0,0,0,0
279875,1995,1509,523,5,4,6468,1952,10890,1,0,0,43,0
698733,1994,1053,321,5,4,6518,1994,75358,1,0,0,0,0
629513,2002,790,203,5,4,6584,2002,175111,1,0,0,0,0
660743,1999,1065,324,5,4,6662,1999,25264,1,0,0,0,0
700000,2014,700,198,5,4,6946,2006,13068,1,0,0,8,0
765000,2008,824,212,5,4,7001,2004,27007,1,0,0,4,0
535000,2015,1209,368,5,5,1365,1951,10010,1,0,0,64,0
439000,2013,737,224,5,5,3320,1947,16117,1,0,1,66,0
488085,2009,550,156,5,5,3696,2009,16988,1,0,0,0,0
706095,2004,614,187,5,5,3720,2004,10606,1,0,0,0,0
215000,1999,696,212,5,5,4053,1961,11325,1,0,0,38,0
700000,2010,660,187,5,5,4189,2006,351529,1,0,1,4,0
460000,1999,1127,343,5,5,4313,1964,20037,1,0,0,35,0
800000,2010,799,243,5,5,4600,1964,21780,1,0,1,46,0
798000,2010,938,286,5,5,4632,2003,8712,1,0,1,7,0
755000,2002,936,325,5,5,4658,1968,20473,1,0,0,34,0
350000,2003,963,293,5,5,5000,1952,13503,1,0,0,51,0
535000,2013,506,143,5,5,5262,2002,10454,1,0,1,11,0
771760,2006,506,143,5,5,5270,2006,11761,1,0,0,0,0
720000,1996,1024,312,5,5,5368,1993,40946,1,0,0,3,0
600000,2014,1141,396,5,5,5410,1951,6777,1,0,0,63,0
590000,2006,1295,395,5,5,5621,1962,10890,1,0,0,44,0
576475,2002,897,273,5,5,5810,2002,8777,1,0,0,0,0
320000,2013,1057,322,5,5,5984,2015,16988,1,0,1,-2,0
665500,2014,1256,436,5,5,6133,1950,10001,1,0,0,64,0
231000,2010,799,243,5,5,6346,2011,10890,1,0,1,-1,0
743500,1998,1127,343,5,5,6357,1989,76665,1,0,0,9,0
535000,2012,1106,337,5,5,6438,1949,20473,1,0,1,63,0
765000,2009,868,223,5,5,6508,2007,47044,1,0,0,2,0
280000,2010,860,262,5,5,6542,2011,43995,1,0,1,-1,0
691331,1999,860,262,5,5,6966,1999,62290,1,0,0,0,0
649000,2005,1146,349,5,5,7034,2006,25700,1,0,0,-1,0
569000,1994,1024,312,5,5,7165,1991,43995,1,0,0,3,0
370000,2004,1045,318,5,5,7578,2008,87120,1,0,0,-4,0
235000,2006,1061,323,5,5,7594,2006,36154,1,0,0,0,0
760000,2008,881,249,5,5,7842,2003,436035,1,0,0,5,0
555000,2003,1966,599,5,5,8450,2004,91911,1,0,0,-1,0
385000,2002,1250,381,5,6,6381,2004,224334,1,0,0,-2,0
690000,2015,1553,473,5,6,6501,1956,23086,1,0,0,59,0
600000,1999,942,287,5,6,7064,1995,217800,1,0,0,4,0
759900,2009,803,245,5,6,7500,2006,8886,1,0,0,3,0
735000,2015,1459,444,5,6,7515,1958,10497,1,0,0,57,0
